model_key,model_line,role,role_label,condition,condition_label,run_id,ema,correct,esr,executable,string_exact,normalized_exact,char_accuracy,token_accuracy,esr_minus_ema,prompt_tokens_mean,prompt_tokens_max,completion_tokens_mean,completion_tokens_max,completion_limit_cases,empty_sql,max_input_tokens,max_new_tokens,csv_path,csv_sha256,config_path,config_sha256,metadata_path,metadata_sha256,trace_path,trace_sha256
qwen2b,Qwen 3.5 2B,base,Ausgangsmodell,zero_shot,Zero Shot,run_base_20260627_211410,0.4496124031007752,464,0.7887596899224806,814,0.001937984496124031,0.07364341085271318,0.16323743604651164,0.2260397703488372,0.33914728682170536,371.9089147286822,736,49.96996124031008,256,24,9,1536,256,results/run_base_20260627_211410.csv,5db92d6153c2a77acaf850b8d101008184133013c74f6180c5cbab5e527f7331,configs/eval_qwen35_2b_base_zero_shot_full_aliasnames.json,298d17aedea37a860b42e48e2b6718402e811f62ad85480331b1e8d9e770add7,results/run_base_20260627_211410_metadata.json,e061dd030636f60c99539f5eac0274aca9d573f8558b2fc11ce3489635bcf4fd,,
qwen2b,Qwen 3.5 2B,base,Ausgangsmodell,top1,Dynamic Top-1,run_base_20260712_171240,0.42441860465116277,438,0.749031007751938,773,0.05329457364341085,0.16763565891472867,0.25127414244186047,0.3560602286821706,0.3246124031007752,719.7286821705426,2045,146.9418604651163,256,499,7,2048,256,results/run_base_20260712_171240.csv,0a70345b074532855bbf9ef09a78ea759f7b4037f51f640d2cc07af9156de446,configs/eval_qwen35_2b_base_dynamic_fewshot_bge_large_top1_k1_full_schema_maxinput2048_full_aliasnames.json,1fc6fb46af7266f839a507b17fc485d77272fdf69c5a5e06169227a7552d1ab9,results/run_base_20260712_171240_metadata.json,ccc53f6550c83c6ed9f65f5e78a58788fdec95d845554627de205132841957c0,results/retrieval_traces/run_base_20260712_171240_retrieval_traces.jsonl,e79c0297ad3a0a94e00da96af175693e8dfd450b0cfbd9761c2e46d3efafa049
qwen2b,Qwen 3.5 2B,base,Ausgangsmodell,top1_gate070,Top-1 Gate 0.70,run_base_20260712_183739,0.43410852713178294,448,0.7538759689922481,778,0.04941860465116279,0.13953488372093023,0.22529044476744187,0.31413112596899223,0.31976744186046513,586.125,2041,118.15406976744185,256,351,5,2048,256,results/run_base_20260712_183739.csv,0f3f996aa8ad7412a21ac76fd015ce5fa1e2f50e8e2da9a8221d2a9ae0a05c73,configs/eval_qwen35_2b_base_dynamic_fewshot_bge_large_top1_k1_full_schema_similarity_gate070_maxinput2048_full_aliasnames.json,fbece6096a91a564e94be62b98a9834407fa2722c2d72e057252c4ad99e33bd5,results/run_base_20260712_183739_metadata.json,e38b6a5824393877f14c105595d3d234eeb8876de6a2298aaecb3aeb08b030e4,results/retrieval_traces/run_base_20260712_183739_retrieval_traces.jsonl,64f450f736b53f2408ea4f8c6e96a9d10e99a1cd938ab3c60e860ebd4fa7b5b7
qwen2b,Qwen 3.5 2B,base,Ausgangsmodell,top1_gate085,Top-1 Gate 0.85,run_base_20260712_194508,0.45348837209302323,468,0.7868217054263565,812,0.009689922480620155,0.08236434108527131,0.17298026065891473,0.23847694670542635,0.3333333333333333,391.22093023255815,1307,58.474806201550386,256,63,9,2048,256,results/run_base_20260712_194508.csv,a644aa4aad5354d74e6adfa02228423b36a12bbb32e6bd9df068563e74061db5,configs/eval_qwen35_2b_base_dynamic_fewshot_bge_large_top1_k1_full_schema_similarity_gate085_maxinput2048_full_aliasnames.json,c2d9b210b3176c74ddb201fae46e7fbe15c4409e351546fae841e47ea61200dc,results/run_base_20260712_194508_metadata.json,3fd7edae94c112e73d38225553543f621cf36ebdbde31bbfd6b8ca4ad0aaf401,results/retrieval_traces/run_base_20260712_194508_retrieval_traces.jsonl,ad1ee8c126805ac659fb38dcac67efe64f0f284f58a6b6aedbb1281b3ece16aa
qwen2b,Qwen 3.5 2B,base,Ausgangsmodell,static_seed42,Static k=1 Seed 42,run_base_20260715_091427,0.4253875968992248,439,0.7374031007751938,761,0.029069767441860465,0.14050387596899225,0.22975553294573642,0.3093399224806202,0.312015503875969,595.9089147286821,960,112.91182170542636,256,337,12,2048,256,results/run_base_20260715_091427.csv,b8641af7e268cbb7093a5c0de0db590d285ae0f1262c5dd461dd65d944f0d2c4,configs/eval_qwen35_2b_base_static_fewshot_k1_full_schema_seed42_spidertrain6960_maxinput2048_full_aliasnames.json,23cedbf1ceb8895f527fe81fd0c3dbb7f8fed48e5e217fb38843611fe3681fb0,results/run_base_20260715_091427_metadata.json,19d0dcfec2cdf395677517fb894b51853b71cc992d9629be907178c43ef35a37,results/retrieval_traces/run_base_20260715_091427_retrieval_traces.jsonl,0a0376c7feb11ec548c04cf2b0cd4e7fdf3053b003a1c8baccdb03853665e90b
qwen2b,Qwen 3.5 2B,base,Ausgangsmodell,structure,Structure Top-10 v2,run_base_20260712_202105,0.4331395348837209,447,0.7432170542635659,767,0.05813953488372093,0.17151162790697674,0.2582444040697674,0.37738981782945735,0.31007751937984496,730.718992248062,2045,152.0610465116279,256,522,5,2048,256,results/run_base_20260712_202105.csv,3666e47eb165dcd5079ab987458e9d257c66ad94214ee0a2e6ea3ec15fd2b15c,configs/eval_qwen35_2b_base_dynamic_fewshot_bge_large_top10_structure_rerank_v2_k1_full_schema_maxinput2048_full_aliasnames.json,01826862c4677cb5a4efa0df76f02fe4fd575e6f20960088890e23a9cc0ccad0,results/run_base_20260712_202105_metadata.json,4d40d3b83245189df88cda382d9522a5eaabb4d88dddba0f1835d67edaf639bd,results/retrieval_traces/run_base_20260712_202105_retrieval_traces.jsonl,365178a7208e1a3e038190467012a810321ce6d5b95641e29aec1cae56677a63
qwen2b,Qwen 3.5 2B,base,Ausgangsmodell,structure_gate070,Structure Gate 0.70,run_base_20260715_102049,0.43507751937984496,449,0.75,774,0.05232558139534884,0.13953488372093023,0.22723065019379843,0.3212645067829457,0.31492248062015504,583.2790697674419,2044,119.27325581395348,256,356,6,2048,256,results/run_base_20260715_102049.csv,7d92eb047e20b7a07d34d2e8bf052fc58cd7d976cf3ea307e259613ad0157257,configs/eval_qwen35_2b_base_dynamic_fewshot_bge_large_top10_structure_rerank_v2_k1_full_schema_similarity_gate070_maxinput2048_full_aliasnames.json,b260f537fafe8bd6eed9de903a3b6c18f69cc7f74c9342f9726714e4c9252934,results/run_base_20260715_102049_metadata.json,91971c4482fdf31807649f196a81c181daca0d8dc02311f0cd84b965bc769c22,results/retrieval_traces/run_base_20260715_102049_retrieval_traces.jsonl,51ccf286db38f5c8f2d6dd070bd68639904c913c727bf6c1509be47afebb2fcf
qwen2b,Qwen 3.5 2B,base,Ausgangsmodell,structure_gate085,Structure Gate 0.85,run_base_20260715_112920,0.45445736434108525,469,0.7877906976744186,813,0.009689922480620155,0.08236434108527131,0.17304606395348837,0.23882294379844962,0.3333333333333333,390.718992248062,1307,58.457364341085274,256,63,9,2048,256,results/run_base_20260715_112920.csv,3693eb102df8637ae7b3dcd3b4e86ae444401fa0693173cf1b29cfb9a75250f8,configs/eval_qwen35_2b_base_dynamic_fewshot_bge_large_top10_structure_rerank_v2_k1_full_schema_similarity_gate085_maxinput2048_full_aliasnames.json,82facafb387abdf461e2252dbc87bd75e81e97671698363d1a57bb1a8e691a9e,results/run_base_20260715_112920_metadata.json,3681aeb4342886ca0ced4329db356d78d4a60f7b38df61852d178f7023ce7a31,results/retrieval_traces/run_base_20260715_112920_retrieval_traces.jsonl,6706da477ae9bb56efd5850e52764b99db1bf91f565b7cb8e00bd22baf7bf9c9
qwen2b,Qwen 3.5 2B,lora_v2,LoRA v2,zero_shot,Zero Shot,run_lora_v2_fullchat_old25k_r8_alpha16_mixedval2500_v2_schemaheaderfix_evalstop_maxlen2048_epochs5_20260714_083452,0.5959302325581395,615,0.8536821705426356,881,0.20251937984496124,0.3430232558139535,0.5508598362403101,0.6477900794573643,0.25775193798449614,371.9089147286822,736,36.78003875968992,164,0,0,2048,256,results/run_lora_v2_fullchat_old25k_r8_alpha16_mixedval2500_v2_schemaheaderfix_evalstop_maxlen2048_epochs5_20260714_083452.csv,31137bc20930d3800b0ab9012fee6c0dfc2ffbda9d15b6b74f96dd6fa34ab507,configs/eval_qwen35_2b_lora_v2_old25k_r8_alpha16_mixedval2500_v2_bestepoch1_zero_shot_maxinput2048_full_aliasnames.json,8a3785a2efb9d4d6a53cc8334115907d01a1cc38d28f17ab6dbeed9662511718,results/run_lora_v2_fullchat_old25k_r8_alpha16_mixedval2500_v2_schemaheaderfix_evalstop_maxlen2048_epochs5_20260714_083452_metadata.json,4a0c2da5c18d576cb5fa3d584e9555220303efe6cf4642d2fee29bc82419f1ba,,
qwen2b,Qwen 3.5 2B,lora_v2,LoRA v2,top1,Dynamic Top-1,run_lora_v2_fullchat_old25k_r8_alpha16_mixedval2500_v2_schemaheaderfix_evalstop_maxlen2048_epochs5_20260714_091541,0.562015503875969,580,0.8062015503875969,832,0.19089147286821706,0.32170542635658916,0.5209683536821705,0.6120420377906977,0.2441860465116279,719.7286821705426,2045,37.58527131782946,159,0,0,2048,256,results/run_lora_v2_fullchat_old25k_r8_alpha16_mixedval2500_v2_schemaheaderfix_evalstop_maxlen2048_epochs5_20260714_091541.csv,96408c76e118377b37ce2064d3ff7ce0ec9c85fb13f81acd0da625a31fc72d0e,configs/eval_qwen35_2b_lora_v2_old25k_r8_alpha16_mixedval2500_v2_bestepoch1_dynamic_bge_large_top1_k1_full_schema_maxinput2048_full_aliasnames.json,b1f4c4b99afc69dff277dba2b9b61d1c4b2c608d3b8958a025e8d8ec53d50535,results/run_lora_v2_fullchat_old25k_r8_alpha16_mixedval2500_v2_schemaheaderfix_evalstop_maxlen2048_epochs5_20260714_091541_metadata.json,d7b25eb024f35589998ab50acb098689ffcc3e0a65003ffabd28afbce7110dd7,results/retrieval_traces/run_lora_v2_fullchat_old25k_r8_alpha16_mixedval2500_v2_schemaheaderfix_evalstop_maxlen2048_epochs5_20260714_091541_retrieval_traces.jsonl,e79c0297ad3a0a94e00da96af175693e8dfd450b0cfbd9761c2e46d3efafa049
qwen2b,Qwen 3.5 2B,lora_v2,LoRA v2,top1_gate070,Top-1 Gate 0.70,run_lora_v2_fullchat_old25k_r8_alpha16_mixedval2500_v2_schemaheaderfix_evalstop_maxlen2048_epochs5_20260714_095759,0.5843023255813954,603,0.8333333333333334,860,0.19864341085271317,0.3439922480620155,0.5410575949612403,0.6358678885658914,0.24903100775193798,586.125,2041,36.94186046511628,164,0,0,2048,256,results/run_lora_v2_fullchat_old25k_r8_alpha16_mixedval2500_v2_schemaheaderfix_evalstop_maxlen2048_epochs5_20260714_095759.csv,66b8dc03b38cf681e2ebf16bc6451f325f65f5c5c906b832e88c9a24a0227fe2,configs/eval_qwen35_2b_lora_v2_old25k_r8_alpha16_mixedval2500_v2_bestepoch1_dynamic_bge_large_top1_gate070_k1_full_schema_maxinput2048_full_aliasnames.json,14596e5351f43f6afc249c351eac8e553b704c37969ab38540dd8b91de3b673e,results/run_lora_v2_fullchat_old25k_r8_alpha16_mixedval2500_v2_schemaheaderfix_evalstop_maxlen2048_epochs5_20260714_095759_metadata.json,76c185ed333e92aa843f96860046bcb6c9aeb070e120687906f43ec148cfc252,results/retrieval_traces/run_lora_v2_fullchat_old25k_r8_alpha16_mixedval2500_v2_schemaheaderfix_evalstop_maxlen2048_epochs5_20260714_095759_retrieval_traces.jsonl,64f450f736b53f2408ea4f8c6e96a9d10e99a1cd938ab3c60e860ebd4fa7b5b7
qwen2b,Qwen 3.5 2B,lora_v2,LoRA v2,top1_gate085,Top-1 Gate 0.85,run_lora_v2_fullchat_old25k_r8_alpha16_mixedval2500_v2_schemaheaderfix_evalstop_maxlen2048_epochs5_20260714_103913,0.5988372093023255,618,0.8536821705426356,881,0.1996124031007752,0.3391472868217054,0.5519276569767442,0.648175773255814,0.2548449612403101,391.22093023255815,1307,36.87015503875969,164,0,0,2048,256,results/run_lora_v2_fullchat_old25k_r8_alpha16_mixedval2500_v2_schemaheaderfix_evalstop_maxlen2048_epochs5_20260714_103913.csv,c7470ef62a35a96d653e40e4b06d075a0ab156d2dabeae5341c0e791bccf225e,configs/eval_qwen35_2b_lora_v2_old25k_r8_alpha16_mixedval2500_v2_bestepoch1_dynamic_bge_large_top1_gate085_k1_full_schema_maxinput2048_full_aliasnames.json,1c3284bb1bf461f2daf430fc768506df2d398f2e36fedf0e9750e9a7ebb08711,results/run_lora_v2_fullchat_old25k_r8_alpha16_mixedval2500_v2_schemaheaderfix_evalstop_maxlen2048_epochs5_20260714_103913_metadata.json,f33c32fdeb7ae176348c3a3dbaf2d89def4a22db92e20d4843103910a8a15cfb,results/retrieval_traces/run_lora_v2_fullchat_old25k_r8_alpha16_mixedval2500_v2_schemaheaderfix_evalstop_maxlen2048_epochs5_20260714_103913_retrieval_traces.jsonl,ad1ee8c126805ac659fb38dcac67efe64f0f284f58a6b6aedbb1281b3ece16aa
qwen2b,Qwen 3.5 2B,lora_v2,LoRA v2,static_seed42,Static k=1 Seed 42,run_lora_v2_fullchat_old25k_r8_alpha16_mixedval2500_v2_schemaheaderfix_evalstop_maxlen2048_epochs5_20260714_112013,0.5591085271317829,577,0.8226744186046512,849,0.17151162790697674,0.3013565891472868,0.5137354108527131,0.6053344108527131,0.26356589147286824,595.9089147286821,960,37.252906976744185,164,0,0,2048,256,results/run_lora_v2_fullchat_old25k_r8_alpha16_mixedval2500_v2_schemaheaderfix_evalstop_maxlen2048_epochs5_20260714_112013.csv,b7c34fce681362e97f7e2281538ca314a03224870ee65a731849fa4aa2ba41db,configs/eval_qwen35_2b_lora_v2_old25k_r8_alpha16_mixedval2500_v2_bestepoch1_static_k1_full_schema_seed42_maxinput2048_full_aliasnames.json,948f460175a6ad1bec26124357fb09e1ed5e23b87d3c39b0a4276588c1121d42,results/run_lora_v2_fullchat_old25k_r8_alpha16_mixedval2500_v2_schemaheaderfix_evalstop_maxlen2048_epochs5_20260714_112013_metadata.json,a96ebaaf7ce8a45a3d7a0c2c589e4c03ba3a09fde95984949bba6ade106b687c,results/retrieval_traces/run_lora_v2_fullchat_old25k_r8_alpha16_mixedval2500_v2_schemaheaderfix_evalstop_maxlen2048_epochs5_20260714_112013_retrieval_traces.jsonl,0a0376c7feb11ec548c04cf2b0cd4e7fdf3053b003a1c8baccdb03853665e90b
qwen2b,Qwen 3.5 2B,lora_v2,LoRA v2,structure,Structure Top-10 v2,run_lora_v2_fullchat_old25k_r8_alpha16_mixedval2500_v2_schemaheaderfix_evalstop_maxlen2048_epochs5_20260714_120540,0.5523255813953488,570,0.7994186046511628,825,0.1812015503875969,0.31492248062015504,0.5170859166666666,0.6067059796511628,0.24709302325581395,730.718992248062,2045,38.076550387596896,159,0,0,2048,256,results/run_lora_v2_fullchat_old25k_r8_alpha16_mixedval2500_v2_schemaheaderfix_evalstop_maxlen2048_epochs5_20260714_120540.csv,2f909126e53c2c3e91b15692c242b20240d052da9e02f5c5999c32f14eef40b6,configs/eval_qwen35_2b_lora_v2_old25k_r8_alpha16_mixedval2500_v2_bestepoch1_dynamic_bge_large_top10_structure_rerank_v2_k1_full_schema_maxinput2048_full_aliasnames.json,fbc4a91be7d1304d63a12ca13a48bfe9335bf3e543441b9aa972d064ab1a88e3,results/run_lora_v2_fullchat_old25k_r8_alpha16_mixedval2500_v2_schemaheaderfix_evalstop_maxlen2048_epochs5_20260714_120540_metadata.json,f19eea91af7b3955004c1121c092b31bd0e666d86aefeadf8de9df53a98154dd,results/retrieval_traces/run_lora_v2_fullchat_old25k_r8_alpha16_mixedval2500_v2_schemaheaderfix_evalstop_maxlen2048_epochs5_20260714_120540_retrieval_traces.jsonl,365178a7208e1a3e038190467012a810321ce6d5b95641e29aec1cae56677a63
qwen2b,Qwen 3.5 2B,lora_v2,LoRA v2,structure_gate070,Structure Gate 0.70,run_lora_v2_fullchat_old25k_r8_alpha16_mixedval2500_v2_schemaheaderfix_evalstop_maxlen2048_epochs5_20260714_124740,0.5823643410852714,601,0.8304263565891473,857,0.19089147286821706,0.34108527131782945,0.5430601627906977,0.637388476744186,0.24806201550387597,583.2790697674419,2044,37.07461240310077,164,0,0,2048,256,results/run_lora_v2_fullchat_old25k_r8_alpha16_mixedval2500_v2_schemaheaderfix_evalstop_maxlen2048_epochs5_20260714_124740.csv,81d045dec8f4c4188efe4cacbecc7d9863a36c38f19d31d3f3bf1b680417a2b7,configs/eval_qwen35_2b_lora_v2_old25k_r8_alpha16_mixedval2500_v2_bestepoch1_dynamic_bge_large_top10_structure_rerank_v2_gate070_k1_full_schema_maxinput2048_full_aliasnames.json,aba5dbe17f34e7f926ba86ce9df429cc51b05665c5771ca33e83d66be9092209,results/run_lora_v2_fullchat_old25k_r8_alpha16_mixedval2500_v2_schemaheaderfix_evalstop_maxlen2048_epochs5_20260714_124740_metadata.json,6a5530c2f9dcac98c0ac1a83c63a352d72cf34e2135081298d6621821a83c468,results/retrieval_traces/run_lora_v2_fullchat_old25k_r8_alpha16_mixedval2500_v2_schemaheaderfix_evalstop_maxlen2048_epochs5_20260714_124740_retrieval_traces.jsonl,51ccf286db38f5c8f2d6dd070bd68639904c913c727bf6c1509be47afebb2fcf
qwen2b,Qwen 3.5 2B,lora_v2,LoRA v2,structure_gate085,Structure Gate 0.85,run_lora_v2_fullchat_old25k_r8_alpha16_mixedval2500_v2_schemaheaderfix_evalstop_maxlen2048_epochs5_20260714_132822,0.5988372093023255,618,0.8536821705426356,881,0.1996124031007752,0.3391472868217054,0.5521020494186046,0.6481957248062016,0.2548449612403101,390.718992248062,1307,36.82461240310077,164,0,0,2048,256,results/run_lora_v2_fullchat_old25k_r8_alpha16_mixedval2500_v2_schemaheaderfix_evalstop_maxlen2048_epochs5_20260714_132822.csv,954db6c8ef5926ecadd1335ac8600711afb1f25d72ee86922d0c23af5ff23cf6,configs/eval_qwen35_2b_lora_v2_old25k_r8_alpha16_mixedval2500_v2_bestepoch1_dynamic_bge_large_top10_structure_rerank_v2_gate085_k1_full_schema_maxinput2048_full_aliasnames.json,a3969438f279d94ec908c2e990cb25406de1017efbee1bdd7f62ef39edb40a77,results/run_lora_v2_fullchat_old25k_r8_alpha16_mixedval2500_v2_schemaheaderfix_evalstop_maxlen2048_epochs5_20260714_132822_metadata.json,3ea65b4cf9ce3dc9ede90e08785cf5ec9cf18f3c304fcd79d921ae052a3551c8,results/retrieval_traces/run_lora_v2_fullchat_old25k_r8_alpha16_mixedval2500_v2_schemaheaderfix_evalstop_maxlen2048_epochs5_20260714_132822_retrieval_traces.jsonl,6706da477ae9bb56efd5850e52764b99db1bf91f565b7cb8e00bd22baf7bf9c9
llama3b,Llama 3.2 3B Instruct,base,Ausgangsmodell,zero_shot,Zero Shot,run_base_20260714_162526,0.5503875968992248,568,0.8498062015503876,877,0.02616279069767442,0.1928294573643411,0.277095265503876,0.41812577325581396,0.29941860465116277,381.3401162790698,742,32.707364341085274,194,0,5,2048,256,results/run_base_20260714_162526.csv,e24f8ed9a2421cb78637fac1faeef1464f79019f98604685d1d4ff9bcf37173a,configs/eval_llama32_3b_instruct_base_zero_shot_maxinput2048_full_aliasnames.json,b06e89e06cc4bfe87f2f74a12a737386aa49524507166c60d8ba16a622610763,results/run_base_20260714_162526_metadata.json,f8ab85f769919076063f5c52768fe8bb2abb0a72291cc22719909ed7cd361c71,,
llama3b,Llama 3.2 3B Instruct,base,Ausgangsmodell,top1,Dynamic Top-1,run_base_20260714_164116,0.5474806201550387,565,0.8420542635658915,869,0.08430232558139535,0.2315891472868217,0.3641741647286822,0.4772343246124031,0.2945736434108528,712.937984496124,2023,32.34108527131783,126,0,5,2048,256,results/run_base_20260714_164116.csv,1558342a130fc421f25bb320bb8f6fd068d7f395a2ab81af9647b0ad59763088,configs/eval_llama32_3b_instruct_base_dynamic_bge_large_top1_k1_full_schema_maxinput2048_full_aliasnames.json,cd638753720cd43a32396331f246fec03858992b68999025b8944205aa0a28bc,results/run_base_20260714_164116_metadata.json,966ab6ed9704e0d58d6382d3e1ea2fb0952d40ca0d318bdfd1651f5c2266c9ec,results/retrieval_traces/run_base_20260714_164116_retrieval_traces.jsonl,41a80a7020c652d86c49b60ac1570c9ecb366b8b110281f64815450d4ce046c0
llama3b,Llama 3.2 3B Instruct,base,Ausgangsmodell,top1_gate070,Top-1 Gate 0.70,run_base_20260714_165432,0.5581395348837209,576,0.8585271317829457,886,0.07945736434108527,0.23062015503875968,0.3484779089147287,0.45615767538759694,0.3003875968992248,585.6133720930233,2023,32.46124031007752,147,0,5,2048,256,results/run_base_20260714_165432.csv,48cef6fd6bde75564f119f6adfcd445556b6f5efc293e241c4ad9d8f15fc58cf,configs/eval_llama32_3b_instruct_base_dynamic_bge_large_top1_gate070_k1_full_schema_maxinput2048_full_aliasnames.json,dadd1f60b8aed6b5baf93e87c5f081e5321b0b1220ed9249d6456163ea77f23e,results/run_base_20260714_165432_metadata.json,4ff3415adf11fedf4ac49c5336324c841818e2b45cca23a3f50b70798d618575,results/retrieval_traces/run_base_20260714_165432_retrieval_traces.jsonl,0bad2e6d80695352a444b6d03a96e72d6d720e5b8edf1cb2e25e7d6caec4bae4
llama3b,Llama 3.2 3B Instruct,base,Ausgangsmodell,top1_gate085,Top-1 Gate 0.85,run_base_20260714_170748,0.5523255813953488,570,0.8468992248062015,874,0.035852713178294575,0.20155038759689922,0.28713113468992246,0.42379998740310076,0.2945736434108527,399.7587209302326,1292,32.51841085271318,194,0,5,2048,256,results/run_base_20260714_170748.csv,37307711c04c1935c4c35bd94a4d85680451ef9a63369d562a43ef1333459651,configs/eval_llama32_3b_instruct_base_dynamic_bge_large_top1_gate085_k1_full_schema_maxinput2048_full_aliasnames.json,e4569c64126a69fa95b90cdfb47d73451d88cbfcb54a91b5ca66a28921e1ef5b,results/run_base_20260714_170748_metadata.json,91eb593784fa30c7bf8260c94d7b0c13fe34ac7d6bbd29091a5073e78b1288f1,results/retrieval_traces/run_base_20260714_170748_retrieval_traces.jsonl,85b1a7f0b0a62edf2a45b59d8e452b418da9fcf5501856961ee94bcb14cae954
llama3b,Llama 3.2 3B Instruct,base,Ausgangsmodell,static_seed42,Static k=1 Seed 42,run_base_20260714_172224,0.5426356589147286,560,0.8633720930232558,891,0.05426356589147287,0.23352713178294573,0.33470128779069763,0.46082245930232557,0.32073643410852715,584.3401162790698,945,27.156007751937985,159,0,1,2048,256,results/run_base_20260714_172224.csv,4b217fc7c6105d1924244c91faf104ded760b45536b580b51e9ed27d47a9e92b,configs/eval_llama32_3b_instruct_base_static_k1_full_schema_seed42_maxinput2048_full_aliasnames.json,b57dbc56082a4075bf271b257e931e44a531231ea82afc6fa084c3a35b3529f8,results/run_base_20260714_172224_metadata.json,fdff310de798fd5bf4e8b9ef6cb18a39ae791b5fda4fbd12ee1b434634913ff8,results/retrieval_traces/run_base_20260714_172224_retrieval_traces.jsonl,f46dac7f077d54ae47b3b947f0da273149e4656aaa6c7d0e916cc1cc78c21266
llama3b,Llama 3.2 3B Instruct,base,Ausgangsmodell,structure,Structure Top-10 v2,run_base_20260714_173302,0.5571705426356589,575,0.8468992248062015,874,0.09205426356589147,0.23837209302325582,0.37825625,0.49288306782945734,0.2897286821705426,723.8585271317829,2026,33.083333333333336,126,0,6,2048,256,results/run_base_20260714_173302.csv,a06d930b621179a0cf41d981eb0cbc36d14ebb133eee0015feae3b20280f9bb8,configs/eval_llama32_3b_instruct_base_dynamic_bge_large_top10_structure_rerank_v2_k1_full_schema_maxinput2048_full_aliasnames.json,5200355e940504249349e30624064231d80fd55863110fa823455f9742eac41a,results/run_base_20260714_173302_metadata.json,8b0a35ed7015c03f96be383bf5c3c806bebb286b6c9d6fbb5ce5d8c553aa6a0d,results/retrieval_traces/run_base_20260714_173302_retrieval_traces.jsonl,60237c468fc052d1d6417722aa55abdd5b41ef57eddfe3e0a86077e1b0d50f63
llama3b,Llama 3.2 3B Instruct,base,Ausgangsmodell,structure_gate070,Structure Gate 0.70,run_base_20260714_174639,0.563953488372093,582,0.8585271317829457,886,0.07848837209302326,0.2315891472868217,0.3525996375968993,0.46317617635658914,0.2945736434108527,583.0891472868217,2026,32.8343023255814,147,0,6,2048,256,results/run_base_20260714_174639.csv,371a7952268d34f7675cbe82afcbfab8c779ed42e169fcdb0049554cdfcf5f04,configs/eval_llama32_3b_instruct_base_dynamic_bge_large_top10_structure_rerank_v2_gate070_k1_full_schema_maxinput2048_full_aliasnames.json,ece6deb366feed8a9c785b2bd375e542c0a387ff0b3dc28150152aecf4ee121b,results/run_base_20260714_174639_metadata.json,143c1e44a9d49c015a95c7867b20ae25edf819245f112ad8d0face172ea36492,results/retrieval_traces/run_base_20260714_174639_retrieval_traces.jsonl,a4bd351593ab578d27d9d734ef2b5e169752d7af3706dd810cf25bccda4f8bec
llama3b,Llama 3.2 3B Instruct,base,Ausgangsmodell,structure_gate085,Structure Gate 0.85,run_base_20260714_180015,0.5513565891472868,569,0.8468992248062015,874,0.035852713178294575,0.2005813953488372,0.2865081027131783,0.4232480048449612,0.2955426356589147,399.265503875969,1292,32.51841085271318,194,0,5,2048,256,results/run_base_20260714_180015.csv,1c60b02d9fe274256a42be8eea27050ec42d874472f99b0839416514889f67be,configs/eval_llama32_3b_instruct_base_dynamic_bge_large_top10_structure_rerank_v2_gate085_k1_full_schema_maxinput2048_full_aliasnames.json,d040c91d7fb8be171dcd77198ae95516add1c7f68976e192d012dd81d904a47a,results/run_base_20260714_180015_metadata.json,534df5704ec7e310dc4aadb53f25802444365a91ff4b5a5f00a3956cc45cb937,results/retrieval_traces/run_base_20260714_180015_retrieval_traces.jsonl,51d6fb2b8235bf3a6448ea6f87084d7becb5dd8926d6c96bb13e6ae2e0566e89
llama3b,Llama 3.2 3B Instruct,lora_v2,LoRA v2,zero_shot,Zero Shot,run_lora_v2_fullchat_old25k_r8_alpha16_mixedval2500_v2_schemaheaderfix_evalstop_maxlen2048_epochs5_20260714_215808,0.6104651162790697,630,0.8682170542635659,896,0.1695736434108527,0.3866279069767442,0.5869119631782945,0.6881450135658915,0.25775193798449614,381.3401162790698,742,32.48837209302326,143,0,0,2048,256,results/run_lora_v2_fullchat_old25k_r8_alpha16_mixedval2500_v2_schemaheaderfix_evalstop_maxlen2048_epochs5_20260714_215808.csv,529b46d47775d1ce4ca677e8bd7eba129df25798736cd85b62a953340f7cfda0,configs/eval_llama32_3b_instruct_lora_v2_old25k_r8_alpha16_mixedval2500_v2_zero_shot_maxinput2048_full_aliasnames.json,8d0de1fa0d169924bfadd3ae7584bd42359f6ebcb2008827f936a57732f79be0,results/run_lora_v2_fullchat_old25k_r8_alpha16_mixedval2500_v2_schemaheaderfix_evalstop_maxlen2048_epochs5_20260714_215808_metadata.json,9fceb76bf62d24eed3fb5c676436ea0e314c985d3063b5a4ec77b3131a94c73a,,
llama3b,Llama 3.2 3B Instruct,lora_v2,LoRA v2,top1,Dynamic Top-1,run_lora_v2_fullchat_old25k_r8_alpha16_mixedval2500_v2_schemaheaderfix_evalstop_maxlen2048_epochs5_20260714_222657,0.5707364341085271,589,0.8217054263565892,848,0.16763565891472867,0.375968992248062,0.5572888604651163,0.656349511627907,0.250968992248062,712.937984496124,2023,32.71608527131783,189,0,0,2048,256,results/run_lora_v2_fullchat_old25k_r8_alpha16_mixedval2500_v2_schemaheaderfix_evalstop_maxlen2048_epochs5_20260714_222657.csv,ad2113ec0526cb708d01335869e5f873f2784a2ae9afef99e2a36f61837681bd,configs/eval_llama32_3b_instruct_lora_v2_old25k_r8_alpha16_mixedval2500_v2_dynamic_bge_large_top1_k1_full_schema_maxinput2048_full_aliasnames.json,5c02652cb2b51211224a0321db890f441c4786f778a8c1032633bb6d5aa69e79,results/run_lora_v2_fullchat_old25k_r8_alpha16_mixedval2500_v2_schemaheaderfix_evalstop_maxlen2048_epochs5_20260714_222657_metadata.json,e4965b5859de33de338308da3268cc212d827f1f29c4db35f90a8fbaeb0dad1d,results/retrieval_traces/run_lora_v2_fullchat_old25k_r8_alpha16_mixedval2500_v2_schemaheaderfix_evalstop_maxlen2048_epochs5_20260714_222657_retrieval_traces.jsonl,41a80a7020c652d86c49b60ac1570c9ecb366b8b110281f64815450d4ce046c0
llama3b,Llama 3.2 3B Instruct,lora_v2,LoRA v2,top1_gate070,Top-1 Gate 0.70,run_lora_v2_fullchat_old25k_r8_alpha16_mixedval2500_v2_schemaheaderfix_evalstop_maxlen2048_epochs5_20260714_225553,0.5872093023255814,606,0.8459302325581395,873,0.17151162790697674,0.374031007751938,0.565567527131783,0.6716641686046512,0.25872093023255804,585.6133720930233,2023,32.66085271317829,189,0,0,2048,256,results/run_lora_v2_fullchat_old25k_r8_alpha16_mixedval2500_v2_schemaheaderfix_evalstop_maxlen2048_epochs5_20260714_225553.csv,4ee03c772d8fd6b4d7d8b0f51b565edf58925163e53598f15b25d54438261f33,configs/eval_llama32_3b_instruct_lora_v2_old25k_r8_alpha16_mixedval2500_v2_dynamic_bge_large_top1_gate070_k1_full_schema_maxinput2048_full_aliasnames.json,83e70474d632aa71f108e62a6f606d2937db7ca1823df313dc90ef12bd0b2ee4,results/run_lora_v2_fullchat_old25k_r8_alpha16_mixedval2500_v2_schemaheaderfix_evalstop_maxlen2048_epochs5_20260714_225553_metadata.json,7c52864b55e6598ae88fdb3d6deaff960f6894931a37f95b461de178238ebe14,results/retrieval_traces/run_lora_v2_fullchat_old25k_r8_alpha16_mixedval2500_v2_schemaheaderfix_evalstop_maxlen2048_epochs5_20260714_225553_retrieval_traces.jsonl,0bad2e6d80695352a444b6d03a96e72d6d720e5b8edf1cb2e25e7d6caec4bae4
llama3b,Llama 3.2 3B Instruct,lora_v2,LoRA v2,top1_gate085,Top-1 Gate 0.85,run_lora_v2_fullchat_old25k_r8_alpha16_mixedval2500_v2_schemaheaderfix_evalstop_maxlen2048_epochs5_20260714_232516,0.6094961240310077,629,0.8643410852713178,892,0.17054263565891473,0.3846899224806202,0.5853960697674419,0.6853981405038759,0.2548449612403101,399.7587209302326,1292,32.52228682170543,143,0,0,2048,256,results/run_lora_v2_fullchat_old25k_r8_alpha16_mixedval2500_v2_schemaheaderfix_evalstop_maxlen2048_epochs5_20260714_232516.csv,a60c4e896c75443f176e2423252dd6d09dc127ca615fb24c2c9f058407ef3c7a,configs/eval_llama32_3b_instruct_lora_v2_old25k_r8_alpha16_mixedval2500_v2_dynamic_bge_large_top1_gate085_k1_full_schema_maxinput2048_full_aliasnames.json,3a1e79753c7477ef4a5633dd1a40b132291fa2d6a3a979bbc6f96e7f0b4693d5,results/run_lora_v2_fullchat_old25k_r8_alpha16_mixedval2500_v2_schemaheaderfix_evalstop_maxlen2048_epochs5_20260714_232516_metadata.json,db7d3f40255b6ed7891646fa0ca35df1a4e1651fad0c3cde3d9cfd24a0088d7f,results/retrieval_traces/run_lora_v2_fullchat_old25k_r8_alpha16_mixedval2500_v2_schemaheaderfix_evalstop_maxlen2048_epochs5_20260714_232516_retrieval_traces.jsonl,85b1a7f0b0a62edf2a45b59d8e452b418da9fcf5501856961ee94bcb14cae954
llama3b,Llama 3.2 3B Instruct,lora_v2,LoRA v2,static_seed42,Static k=1 Seed 42,run_lora_v2_fullchat_old25k_r8_alpha16_mixedval2500_v2_schemaheaderfix_evalstop_maxlen2048_epochs5_20260714_235408,0.5852713178294574,604,0.8585271317829457,886,0.12693798449612403,0.37112403100775193,0.5867781104651163,0.6732546753875969,0.2732558139534883,584.3401162790698,945,30.135658914728683,256,1,1,2048,256,results/run_lora_v2_fullchat_old25k_r8_alpha16_mixedval2500_v2_schemaheaderfix_evalstop_maxlen2048_epochs5_20260714_235408.csv,cfa88dfd97c04cbc0826e4a8fcca0632a1a8d6f2dfce953816c4800ea3178424,configs/eval_llama32_3b_instruct_lora_v2_old25k_r8_alpha16_mixedval2500_v2_static_k1_full_schema_seed42_maxinput2048_full_aliasnames.json,b998b34446cc11883ccb94e9113187ae7230c99526e6e5b415ecb11b7d5ae277,results/run_lora_v2_fullchat_old25k_r8_alpha16_mixedval2500_v2_schemaheaderfix_evalstop_maxlen2048_epochs5_20260714_235408_metadata.json,235cf502088219ca184983b37dad9d8d0039e4db2a4a8edcaea3c3d7bfd194d0,results/retrieval_traces/run_lora_v2_fullchat_old25k_r8_alpha16_mixedval2500_v2_schemaheaderfix_evalstop_maxlen2048_epochs5_20260714_235408_retrieval_traces.jsonl,f46dac7f077d54ae47b3b947f0da273149e4656aaa6c7d0e916cc1cc78c21266
llama3b,Llama 3.2 3B Instruct,lora_v2,LoRA v2,structure,Structure Top-10 v2,run_lora_v2_fullchat_old25k_r8_alpha16_mixedval2500_v2_schemaheaderfix_evalstop_maxlen2048_epochs5_20260715_002034,0.5755813953488372,594,0.8372093023255814,864,0.1618217054263566,0.375,0.5588395891472868,0.6592475717054264,0.2616279069767442,723.8585271317829,2026,33.39050387596899,189,0,0,2048,256,results/run_lora_v2_fullchat_old25k_r8_alpha16_mixedval2500_v2_schemaheaderfix_evalstop_maxlen2048_epochs5_20260715_002034.csv,cd53672a85f37a33cd514f10608977266c3028e66e9fcba661cc33a626033bb5,configs/eval_llama32_3b_instruct_lora_v2_old25k_r8_alpha16_mixedval2500_v2_dynamic_bge_large_top10_structure_rerank_v2_k1_full_schema_maxinput2048_full_aliasnames.json,608399e5b47e85609fc2082a0a92f149e3cf440b693aa9832ba0cb6f4e7448b9,results/run_lora_v2_fullchat_old25k_r8_alpha16_mixedval2500_v2_schemaheaderfix_evalstop_maxlen2048_epochs5_20260715_002034_metadata.json,ad7ccbe2a85a941e321bee56147ede39e1f5f2665acb05b5c2eea9cae9f5b28f,results/retrieval_traces/run_lora_v2_fullchat_old25k_r8_alpha16_mixedval2500_v2_schemaheaderfix_evalstop_maxlen2048_epochs5_20260715_002034_retrieval_traces.jsonl,60237c468fc052d1d6417722aa55abdd5b41ef57eddfe3e0a86077e1b0d50f63
llama3b,Llama 3.2 3B Instruct,lora_v2,LoRA v2,structure_gate070,Structure Gate 0.70,run_lora_v2_fullchat_old25k_r8_alpha16_mixedval2500_v2_schemaheaderfix_evalstop_maxlen2048_epochs5_20260715_005046,0.5920542635658915,611,0.8478682170542635,875,0.1686046511627907,0.37209302325581395,0.566275390503876,0.6717602102713178,0.255813953488372,583.0891472868217,2026,32.963178294573645,189,0,0,2048,256,results/run_lora_v2_fullchat_old25k_r8_alpha16_mixedval2500_v2_schemaheaderfix_evalstop_maxlen2048_epochs5_20260715_005046.csv,36a6cc3396229bb3f7e49ac84cbc65b2da3bac15585ee28298e294061033ab41,configs/eval_llama32_3b_instruct_lora_v2_old25k_r8_alpha16_mixedval2500_v2_dynamic_bge_large_top10_structure_rerank_v2_gate070_k1_full_schema_maxinput2048_full_aliasnames.json,071fd48d9f1b4d90878ae3d7847be1eb0b73eeec8a10aca2dbaf4ac8c30db580,results/run_lora_v2_fullchat_old25k_r8_alpha16_mixedval2500_v2_schemaheaderfix_evalstop_maxlen2048_epochs5_20260715_005046_metadata.json,8bb9a57daebfb2c92716e3249c4c6cf6905e0eef50953c6bd602d046d77ad855,results/retrieval_traces/run_lora_v2_fullchat_old25k_r8_alpha16_mixedval2500_v2_schemaheaderfix_evalstop_maxlen2048_epochs5_20260715_005046_retrieval_traces.jsonl,a4bd351593ab578d27d9d734ef2b5e169752d7af3706dd810cf25bccda4f8bec
llama3b,Llama 3.2 3B Instruct,lora_v2,LoRA v2,structure_gate085,Structure Gate 0.85,run_lora_v2_fullchat_old25k_r8_alpha16_mixedval2500_v2_schemaheaderfix_evalstop_maxlen2048_epochs5_20260715_012027,0.6094961240310077,629,0.8643410852713178,892,0.17054263565891473,0.3846899224806202,0.5853960697674419,0.6853981405038759,0.2548449612403101,399.265503875969,1292,32.52228682170543,143,0,0,2048,256,results/run_lora_v2_fullchat_old25k_r8_alpha16_mixedval2500_v2_schemaheaderfix_evalstop_maxlen2048_epochs5_20260715_012027.csv,282b619b5225c6891292c2c9e0f2c889d2e8fd8ba1dc52cd1ef3117c2820dee8,configs/eval_llama32_3b_instruct_lora_v2_old25k_r8_alpha16_mixedval2500_v2_dynamic_bge_large_top10_structure_rerank_v2_gate085_k1_full_schema_maxinput2048_full_aliasnames.json,adeebe74aad37955ee1188e78de17db1d8aa4b5e5b621a386e7d95f81074fdd8,results/run_lora_v2_fullchat_old25k_r8_alpha16_mixedval2500_v2_schemaheaderfix_evalstop_maxlen2048_epochs5_20260715_012027_metadata.json,63ef7509a3e5e079e4ee883a30a27110f8688354d858388dfe5175788711bb8a,results/retrieval_traces/run_lora_v2_fullchat_old25k_r8_alpha16_mixedval2500_v2_schemaheaderfix_evalstop_maxlen2048_epochs5_20260715_012027_retrieval_traces.jsonl,51d6fb2b8235bf3a6448ea6f87084d7becb5dd8926d6c96bb13e6ae2e0566e89
qwen9b,Qwen 3.5 9B,base,Ausgangsmodell,zero_shot,Zero Shot,run_base_20260624_221131,0.688953488372093,711,0.9786821705426356,1010,0.018410852713178296,0.2063953488372093,0.2878044031007752,0.41879425581395346,0.2897286821705426,371.9089147286822,736,32.66957364341085,145,0,0,1536,256,results/run_base_20260624_221131.csv,f4b5c650c47ce7ea4fed78134d02fc94987ec72dce9679d29a31f4e086332c10,configs/archive/eval_spider_qwen35_9b_base_anti_overjoin_full_qwen_sqlctx_chatml_aliasnames.json,a7bbd5fb2af01623a26e7c6498c72590bdf4e04bfbb6fa9fe0bf7610b6d04003,results/run_base_20260624_221131_metadata.json,648aeac75235f6de4473e925cc2cad2bd4a66d7f58311f258f57076563f64254,,
qwen9b,Qwen 3.5 9B,base,Ausgangsmodell,top1,Dynamic Top-1,run_base_20260712_143438,0.6812015503875969,703,0.9312015503875969,961,0.05426356589147287,0.27325581395348836,0.3372774331395349,0.49131301453488374,0.25,719.7286821705426,2045,30.606589147286822,256,5,0,2048,256,results/run_base_20260712_143438.csv,4b725fa2798e1381f00bcada4b82b101c58f48424111f73dea4a24d892caddac,configs/eval_qwen35_9b_base_dynamic_fewshot_bge_large_top1_k1_full_schema_maxinput2048_full_aliasnames.json,0fd0dc9e7e983da43ce2751481d2596ca8c9a5cd5213252e1e8f904ad0314a48,results/run_base_20260712_143438_metadata.json,b07fd9d5be3a6a3b7db7ae55839230d2c0405f42c1cf5e60e0160ad7402f82c4,results/retrieval_traces/run_base_20260712_143438_retrieval_traces.jsonl,e79c0297ad3a0a94e00da96af175693e8dfd450b0cfbd9761c2e46d3efafa049
qwen9b,Qwen 3.5 9B,base,Ausgangsmodell,top1_gate070,Top-1 Gate 0.70,run_base_20260712_150257,0.6831395348837209,705,0.9622093023255814,993,0.05329457364341085,0.26841085271317827,0.3270039467054264,0.48161237500000004,0.2790697674418605,586.125,2041,30.896317829457363,256,2,0,2048,256,results/run_base_20260712_150257.csv,80a0b5522b40786cb55eb6b53f8124244348131322acac163dd040b7c55407e5,configs/eval_qwen35_9b_base_dynamic_fewshot_bge_large_top1_k1_full_schema_similarity_gate070_maxinput2048_full_aliasnames.json,8d60e863cc65e54bf7617453b42eb79851dda08eec53032893282daa93146efc,results/run_base_20260712_150257_metadata.json,37f793a61646721212b20a23041cdc1febdaf9372f13ad22add8837e54267602,results/retrieval_traces/run_base_20260712_150257_retrieval_traces.jsonl,64f450f736b53f2408ea4f8c6e96a9d10e99a1cd938ab3c60e860ebd4fa7b5b7
qwen9b,Qwen 3.5 9B,base,Ausgangsmodell,top1_gate085,Top-1 Gate 0.85,run_base_20260712_153056,0.6928294573643411,715,0.9786821705426356,1010,0.023255813953488372,0.2063953488372093,0.29048091666666664,0.4226143352713178,0.2858527131782945,391.22093023255815,1307,32.445736434108525,145,0,0,2048,256,results/run_base_20260712_153056.csv,09270fe17fcd659876530ce9dda0f099762565d451b14f21eedb76fe801e1e9e,configs/eval_qwen35_9b_base_dynamic_fewshot_bge_large_top1_k1_full_schema_similarity_gate085_maxinput2048_full_aliasnames.json,be6490e89a04ce2d2a3bb3543796a10cec87b69022e536ac31edab64e5ccd1db,results/run_base_20260712_153056_metadata.json,efe005880c8057d6ff369f260274a847d30390a91e4e4d130fbedb69ba547bfe,results/retrieval_traces/run_base_20260712_153056_retrieval_traces.jsonl,ad1ee8c126805ac659fb38dcac67efe64f0f284f58a6b6aedbb1281b3ece16aa
qwen9b,Qwen 3.5 9B,base,Ausgangsmodell,static_seed42,Static k=1 Seed 42,run_base_20260716_084140,0.6724806201550387,694,0.9253875968992248,955,0.035852713178294575,0.24321705426356588,0.3145785639534884,0.4496405281007752,0.25290697674418605,595.9089147286821,960,28.960271317829456,256,2,0,2048,256,results/run_base_20260716_084140.csv,d3bad0ff3835d8b3003f26103ba8d1c07f294054a95b42f21a46932f0ab1b100,configs/eval_qwen35_9b_base_static_fewshot_k1_full_schema_seed42_spidertrain6960_maxinput2048_full_aliasnames.json,c871e822a7ac3b9d60ae05a60e4cc722b1c3cd3739926bf38956292d9b0fce87,results/run_base_20260716_084140_metadata.json,d6ac7cd7601225a30c56bb94affaf118b4b72e7a9abecaea591ad66990bbcdcf,results/retrieval_traces/run_base_20260716_084140_retrieval_traces.jsonl,0a0376c7feb11ec548c04cf2b0cd4e7fdf3053b003a1c8baccdb03853665e90b
qwen9b,Qwen 3.5 9B,base,Ausgangsmodell,structure,Structure Top-10 v2,run_base_20260716_090811,0.688953488372093,711,0.9282945736434108,958,0.060077519379844964,0.28294573643410853,0.3422317063953489,0.5113086279069768,0.2393410852713178,730.718992248062,2045,31.19670542635659,256,6,0,2048,256,results/run_base_20260716_090811.csv,3ec1cf215924d3d7af627fbcd4bb477b1e6204be03692824ca6447cb2fd3128f,configs/eval_qwen35_9b_base_dynamic_fewshot_bge_large_top10_structure_rerank_v2_k1_full_schema_maxinput2048_full_aliasnames.json,e2d960ad0cc622e07abf74caa1ada009501ff115dc6569cbaa6703f8c95d8458,results/run_base_20260716_090811_metadata.json,72d28c7f1ce312d508f54e1336ccfe3621304d77895f2e039aed350cc0dbdba0,results/retrieval_traces/run_base_20260716_090811_retrieval_traces.jsonl,365178a7208e1a3e038190467012a810321ce6d5b95641e29aec1cae56677a63
qwen9b,Qwen 3.5 9B,base,Ausgangsmodell,structure_gate070,Structure Gate 0.70,run_base_20260712_160614,0.6821705426356589,704,0.9593023255813954,990,0.05426356589147287,0.2713178294573643,0.3276830261627907,0.48965282558139533,0.2771317829457365,583.2790697674419,2044,31.24418604651163,256,3,0,2048,256,results/run_base_20260712_160614.csv,d958ecf6ed62738ab2a1b2b5d06715b3aaddd95aa2df22e13f28efa6dd0e17c5,configs/eval_qwen35_9b_base_dynamic_fewshot_bge_large_top10_structure_rerank_v2_k1_full_schema_similarity_gate070_maxinput2048_full_aliasnames.json,8f993520768b36ba90a20a6c6c273dd131754deb870471364701c5f2283ef033,results/run_base_20260712_160614_metadata.json,d78d29988c2a671cb5b73f24e3b28f20846672853f40b8ac44114d25231ee88f,results/retrieval_traces/run_base_20260712_160614_retrieval_traces.jsonl,51ccf286db38f5c8f2d6dd070bd68639904c913c727bf6c1509be47afebb2fcf
qwen9b,Qwen 3.5 9B,base,Ausgangsmodell,structure_gate085,Structure Gate 0.85,run_base_20260712_163705,0.6918604651162791,714,0.9777131782945736,1009,0.023255813953488372,0.2063953488372093,0.29049414825581393,0.42294055620155036,0.2858527131782945,390.718992248062,1307,32.42829457364341,145,0,0,2048,256,results/run_base_20260712_163705.csv,03f8a984a60adb6a6efcf2f0459ec6d526e21f8147b24de1fc51df20e26f7109,configs/eval_qwen35_9b_base_dynamic_fewshot_bge_large_top10_structure_rerank_v2_k1_full_schema_similarity_gate085_maxinput2048_full_aliasnames.json,00302c8f55472a422067e43d2965482fd1ab855dba4add0e39788fc5ce40cd83,results/run_base_20260712_163705_metadata.json,137e85e0e0d7b16ffbde81eef3838ad72483032bd9b53883d695d242debb4707,results/retrieval_traces/run_base_20260712_163705_retrieval_traces.jsonl,6706da477ae9bb56efd5850e52764b99db1bf91f565b7cb8e00bd22baf7bf9c9
qwen9b,Qwen 3.5 9B,lora_v2,LoRA v2,zero_shot,Zero Shot,run_lora_v2_fullchat_old25k_r8_alpha16_mixedval2500_v2_schemaheaderfix_evalstop_maxlen2048_epochs5_20260713_120126,0.7451550387596899,769,0.9699612403100775,1001,0.2189922480620155,0.46124031007751937,0.6559792034883721,0.7528375949612404,0.22480620155038755,371.9089147286822,736,34.61918604651163,172,0,0,2048,256,results/run_lora_v2_fullchat_old25k_r8_alpha16_mixedval2500_v2_schemaheaderfix_evalstop_maxlen2048_epochs5_20260713_120126.csv,ce588179496c50a8c86ee4139b9d844f09f895c9fa08e352e3f2d8cc40324971,configs/eval_qwen35_9b_lora_v2_old25k_r8_alpha16_mixedval2500_v2_bestepoch1_zero_shot_maxinput2048_full_aliasnames.json,6e642ae09d7641570df3a8340b2c02cc4f6d15ea07a569db6407892160f08d85,results/run_lora_v2_fullchat_old25k_r8_alpha16_mixedval2500_v2_schemaheaderfix_evalstop_maxlen2048_epochs5_20260713_120126_metadata.json,e65a66cf9ed0f5b58130284f4e08acb06adf08f0ffa84290fe809c0066c7e323,,
qwen9b,Qwen 3.5 9B,lora_v2,LoRA v2,top1,Dynamic Top-1,run_lora_v2_fullchat_old25k_r8_alpha16_mixedval2500_v2_schemaheaderfix_evalstop_maxlen2048_epochs5_20260713_125744,0.7393410852713178,763,0.9602713178294574,991,0.23837209302325582,0.500968992248062,0.665656159883721,0.7722398585271318,0.2209302325581396,719.7286821705426,2045,33.84205426356589,172,0,0,2048,256,results/run_lora_v2_fullchat_old25k_r8_alpha16_mixedval2500_v2_schemaheaderfix_evalstop_maxlen2048_epochs5_20260713_125744.csv,82f2c0ae864d09382b094ad0a180f48e4697e96995f9c7f9ab3c7af0e52a6df0,configs/eval_qwen35_9b_lora_v2_old25k_r8_alpha16_mixedval2500_v2_bestepoch1_dynamic_bge_large_top1_k1_full_schema_maxinput2048_full_aliasnames.json,c2c0bc5fd13265451765ec8d4b4537b0f41be8d6efec3c310fd8f4012391d4f0,results/run_lora_v2_fullchat_old25k_r8_alpha16_mixedval2500_v2_schemaheaderfix_evalstop_maxlen2048_epochs5_20260713_125744_metadata.json,5c6335632f3560b63d78d90bc3040d664b80a72ea2ca8fcf2173ae7748100518,results/retrieval_traces/run_lora_v2_fullchat_old25k_r8_alpha16_mixedval2500_v2_schemaheaderfix_evalstop_maxlen2048_epochs5_20260713_125744_retrieval_traces.jsonl,e79c0297ad3a0a94e00da96af175693e8dfd450b0cfbd9761c2e46d3efafa049
qwen9b,Qwen 3.5 9B,lora_v2,LoRA v2,top1_gate070,Top-1 Gate 0.70,run_lora_v2_fullchat_old25k_r8_alpha16_mixedval2500_v2_schemaheaderfix_evalstop_maxlen2048_epochs5_20260713_135127,0.7441860465116279,768,0.9631782945736435,994,0.24127906976744187,0.4951550387596899,0.6714733420542636,0.7769163381782945,0.21899224806201556,586.125,2041,34.26744186046512,172,0,0,2048,256,results/run_lora_v2_fullchat_old25k_r8_alpha16_mixedval2500_v2_schemaheaderfix_evalstop_maxlen2048_epochs5_20260713_135127.csv,f6be851a25baa410052acdd2b59d0b3d40706153fe2a43d18dde2112ec01464a,configs/eval_qwen35_9b_lora_v2_old25k_r8_alpha16_mixedval2500_v2_bestepoch1_dynamic_bge_large_top1_gate070_k1_full_schema_maxinput2048_full_aliasnames.json,6d443c49e88e1e776e94a7231dc6f60424b8b30d3e744e08260b4dd1d3f8caf1,results/run_lora_v2_fullchat_old25k_r8_alpha16_mixedval2500_v2_schemaheaderfix_evalstop_maxlen2048_epochs5_20260713_135127_metadata.json,63b04fd96d805f17b71b515fb058cc2d57039cfe6b899be28c599f9142239019,results/retrieval_traces/run_lora_v2_fullchat_old25k_r8_alpha16_mixedval2500_v2_schemaheaderfix_evalstop_maxlen2048_epochs5_20260713_135127_retrieval_traces.jsonl,64f450f736b53f2408ea4f8c6e96a9d10e99a1cd938ab3c60e860ebd4fa7b5b7
qwen9b,Qwen 3.5 9B,lora_v2,LoRA v2,top1_gate085,Top-1 Gate 0.85,run_lora_v2_fullchat_old25k_r8_alpha16_mixedval2500_v2_schemaheaderfix_evalstop_maxlen2048_epochs5_20260713_144738,0.7403100775193798,764,0.9689922480620154,1000,0.2131782945736434,0.4583333333333333,0.6544173575581395,0.7536121230620155,0.22868217054263562,391.22093023255815,1307,34.65988372093023,172,0,0,2048,256,results/run_lora_v2_fullchat_old25k_r8_alpha16_mixedval2500_v2_schemaheaderfix_evalstop_maxlen2048_epochs5_20260713_144738.csv,8cf96bbba037d33f404586989277dc2d316eb1c6abd5331829b32a3de170e932,configs/eval_qwen35_9b_lora_v2_old25k_r8_alpha16_mixedval2500_v2_bestepoch1_dynamic_bge_large_top1_gate085_k1_full_schema_maxinput2048_full_aliasnames.json,3de7f2afab8ae416c404ef65c5e2af470f991dff3053962f0b41da1779806594,results/run_lora_v2_fullchat_old25k_r8_alpha16_mixedval2500_v2_schemaheaderfix_evalstop_maxlen2048_epochs5_20260713_144738_metadata.json,4d38d92346c03f4aa407f8807d294cfcd6ca79b14c20c0c0e6d5550b23866614,results/retrieval_traces/run_lora_v2_fullchat_old25k_r8_alpha16_mixedval2500_v2_schemaheaderfix_evalstop_maxlen2048_epochs5_20260713_144738_retrieval_traces.jsonl,ad1ee8c126805ac659fb38dcac67efe64f0f284f58a6b6aedbb1281b3ece16aa
qwen9b,Qwen 3.5 9B,lora_v2,LoRA v2,static_seed42,Static k=1 Seed 42,run_lora_v2_fullchat_old25k_r8_alpha16_mixedval2500_v2_schemaheaderfix_evalstop_maxlen2048_epochs5_20260713_154004,0.7451550387596899,769,0.9622093023255814,993,0.18992248062015504,0.49224806201550386,0.6570440106589147,0.7602032645348837,0.21705426356589153,595.9089147286821,960,33.44767441860465,172,0,0,2048,256,results/run_lora_v2_fullchat_old25k_r8_alpha16_mixedval2500_v2_schemaheaderfix_evalstop_maxlen2048_epochs5_20260713_154004.csv,a072742b8f75426fea8bd8d3a840cde4f2694cab22668adb537b1808e3f551b0,configs/eval_qwen35_9b_lora_v2_old25k_r8_alpha16_mixedval2500_v2_bestepoch1_static_k1_full_schema_seed42_maxinput2048_full_aliasnames.json,1bebc35f4d79e58e9bfb7bf8bc38ed3f2ce57d4ba595023a1cbf7e6cbe6f03e6,results/run_lora_v2_fullchat_old25k_r8_alpha16_mixedval2500_v2_schemaheaderfix_evalstop_maxlen2048_epochs5_20260713_154004_metadata.json,cbc70c2c8e1b72ec7a2777fe2a21a397c2ef70e35c384810a1873e277c17143b,results/retrieval_traces/run_lora_v2_fullchat_old25k_r8_alpha16_mixedval2500_v2_schemaheaderfix_evalstop_maxlen2048_epochs5_20260713_154004_retrieval_traces.jsonl,0a0376c7feb11ec548c04cf2b0cd4e7fdf3053b003a1c8baccdb03853665e90b
qwen9b,Qwen 3.5 9B,lora_v2,LoRA v2,structure,Structure Top-10 v2,run_lora_v2_fullchat_old25k_r8_alpha16_mixedval2500_v2_schemaheaderfix_evalstop_maxlen2048_epochs5_20260713_163754,0.7451550387596899,769,0.9602713178294574,991,0.23837209302325582,0.49709302325581395,0.6672566870155038,0.7692483701550388,0.2151162790697675,730.718992248062,2045,33.97771317829457,172,0,0,2048,256,results/run_lora_v2_fullchat_old25k_r8_alpha16_mixedval2500_v2_schemaheaderfix_evalstop_maxlen2048_epochs5_20260713_163754.csv,eb37f98f3df9c4bd35ecad8bd5cb7bea4041ea764e7c22b1aa3dd0c3b50dde56,configs/eval_qwen35_9b_lora_v2_old25k_r8_alpha16_mixedval2500_v2_bestepoch1_dynamic_bge_large_top10_structure_rerank_v2_k1_full_schema_maxinput2048_full_aliasnames.json,eed823c7dbd82a3e4fa500894f041263f30ef82cfd809207ab6fe55089439236,results/run_lora_v2_fullchat_old25k_r8_alpha16_mixedval2500_v2_schemaheaderfix_evalstop_maxlen2048_epochs5_20260713_163754_metadata.json,1442e0b043af0711bb3606212fd4fc039c38b0126a1a4fffbbd11215f5fe2fe1,results/retrieval_traces/run_lora_v2_fullchat_old25k_r8_alpha16_mixedval2500_v2_schemaheaderfix_evalstop_maxlen2048_epochs5_20260713_163754_retrieval_traces.jsonl,365178a7208e1a3e038190467012a810321ce6d5b95641e29aec1cae56677a63
qwen9b,Qwen 3.5 9B,lora_v2,LoRA v2,structure_gate070,Structure Gate 0.70,run_lora_v2_fullchat_old25k_r8_alpha16_mixedval2500_v2_schemaheaderfix_evalstop_maxlen2048_epochs5_20260713_202137,0.7432170542635659,767,0.9622093023255814,993,0.2374031007751938,0.4874031007751938,0.668836375,0.771641148255814,0.21899224806201556,583.2790697674419,2044,34.310077519379846,172,0,0,2048,256,results/run_lora_v2_fullchat_old25k_r8_alpha16_mixedval2500_v2_schemaheaderfix_evalstop_maxlen2048_epochs5_20260713_202137.csv,1736a3ab2cdd425dfdabc406144c8e9e9996dfb7131057d9fb85032c9491ba82,configs/eval_qwen35_9b_lora_v2_old25k_r8_alpha16_mixedval2500_v2_bestepoch1_dynamic_bge_large_top10_structure_rerank_v2_gate070_k1_full_schema_maxinput2048_full_aliasnames.json,3ad3af6244e409dd7a188293d11a37eefbffd06982ec63d4a99dc0dfd5025200,results/run_lora_v2_fullchat_old25k_r8_alpha16_mixedval2500_v2_schemaheaderfix_evalstop_maxlen2048_epochs5_20260713_202137_metadata.json,641f3cb04119d167f510660632ffdc34d9ca109260d0dbd47d95ac711df50638,results/retrieval_traces/run_lora_v2_fullchat_old25k_r8_alpha16_mixedval2500_v2_schemaheaderfix_evalstop_maxlen2048_epochs5_20260713_202137_retrieval_traces.jsonl,51ccf286db38f5c8f2d6dd070bd68639904c913c727bf6c1509be47afebb2fcf
qwen9b,Qwen 3.5 9B,lora_v2,LoRA v2,structure_gate085,Structure Gate 0.85,run_lora_v2_fullchat_old25k_r8_alpha16_mixedval2500_v2_schemaheaderfix_evalstop_maxlen2048_epochs5_20260713_211349,0.7412790697674418,765,0.9699612403100775,1001,0.2131782945736434,0.4583333333333333,0.6543015658914729,0.7537430678294573,0.22868217054263562,390.718992248062,1307,34.67635658914729,172,0,0,2048,256,results/run_lora_v2_fullchat_old25k_r8_alpha16_mixedval2500_v2_schemaheaderfix_evalstop_maxlen2048_epochs5_20260713_211349.csv,ac9f6a987253ba145edf2626e7ecb5f2cd6fdee2f1bb041028c8a5ecd332f109,configs/eval_qwen35_9b_lora_v2_old25k_r8_alpha16_mixedval2500_v2_bestepoch1_dynamic_bge_large_top10_structure_rerank_v2_gate085_k1_full_schema_maxinput2048_full_aliasnames.json,dbcb53fa256c81c3cfc155de5b6930cc03b7cffa87be9a849436bc018c018a7f,results/run_lora_v2_fullchat_old25k_r8_alpha16_mixedval2500_v2_schemaheaderfix_evalstop_maxlen2048_epochs5_20260713_211349_metadata.json,0d4ef7141075ddb9f30d416b0eaf18aac63385621d66b0ce2e8611b4af5b7179,results/retrieval_traces/run_lora_v2_fullchat_old25k_r8_alpha16_mixedval2500_v2_schemaheaderfix_evalstop_maxlen2048_epochs5_20260713_211349_retrieval_traces.jsonl,6706da477ae9bb56efd5850e52764b99db1bf91f565b7cb8e00bd22baf7bf9c9
