pair_id,model_key,model_line,model_role,role_label,semantic_condition,k1_condition,k3_condition,k1_run_id,k3_run_id,k1_config_path,k1_config_sha256,k3_config_path,k3_config_sha256,k1_result_path,k1_result_sha256,k3_result_path,k3_result_sha256,k1_metadata_path,k3_metadata_path,k1_trace_path,k3_trace_path,cases,case_order_identical,model_adapter_match,testset_match,prompt_system_schema_match,retrieval_method_gate_structure_match,extractor_decoding_output_limit_batch_match,k1_k,k3_k,k1_max_input_tokens,k3_max_input_tokens,k1_timeout_policy,k3_timeout_policy,expected_differences,config_method_notes,comparability_status,comparability_warning
qwen2b:base:top1_vs_top3,qwen2b,Qwen 3.5 2B,base,Base,top3,top1,top3,run_base_20260712_171240,run_k3_qwen2b_base_top3_maxin4352_20260717_101346,configs/eval_qwen35_2b_base_dynamic_fewshot_bge_large_top1_k1_full_schema_maxinput2048_full_aliasnames.json,1fc6fb46af7266f839a507b17fc485d77272fdf69c5a5e06169227a7552d1ab9,configs/eval_qwen35_2b_base_dynamic_bge_large_top3_k3_full_schema_maxin4352_full_aliasnames.json,b511648d49166ace8f17a2bcb8ce36bc29c6a5c31e33a537ebadaf7e5f9e2d76,results/run_base_20260712_171240.csv,0a70345b074532855bbf9ef09a78ea759f7b4037f51f640d2cc07af9156de446,results/k3_extension_20260717/run_k3_qwen2b_base_top3_maxin4352_20260717_101346.csv,4b7b32932e1569a759414c5ca953b38ed4bae31c0d677a3e87f94f105181c9e5,results/run_base_20260712_171240_metadata.json,results/k3_extension_20260717/run_k3_qwen2b_base_top3_maxin4352_20260717_101346_metadata.json,results/retrieval_traces/run_base_20260712_171240_retrieval_traces.jsonl,results/k3_extension_20260717/retrieval_traces/run_k3_qwen2b_base_top3_maxin4352_20260717_101346_retrieval_traces.jsonl,1032,True,True,True,True,True,True,1,3,2048,4352,no_explicit_statement_timeout,no_explicit_statement_timeout,k=1_vs_3;prompt_length;max_input_tokens;output_identity,[],MATCHED_WITH_LIMITATIONS,max_input_tokens_2048_vs_4352
qwen2b:base:top1_gate070_vs_top3_gate070,qwen2b,Qwen 3.5 2B,base,Base,top3_gate070,top1_gate070,top3_gate070,run_base_20260712_183739,run_k3_qwen2b_base_top3_gate070_maxin4352_20260717_114608,configs/eval_qwen35_2b_base_dynamic_fewshot_bge_large_top1_k1_full_schema_similarity_gate070_maxinput2048_full_aliasnames.json,fbece6096a91a564e94be62b98a9834407fa2722c2d72e057252c4ad99e33bd5,configs/eval_qwen35_2b_base_dynamic_bge_large_top3_gate070_k3_full_schema_maxin4352_full_aliasnames.json,98cb022523fd07465aedcac01398e3bc47c53d55552208a63976979241bb8cba,results/run_base_20260712_183739.csv,0f3f996aa8ad7412a21ac76fd015ce5fa1e2f50e8e2da9a8221d2a9ae0a05c73,results/k3_extension_20260717/run_k3_qwen2b_base_top3_gate070_maxin4352_20260717_114608.csv,8a68f1f043486ccbeab498c62052ddf4bcd15fb529062552d6d4b96d8e78f8d9,results/run_base_20260712_183739_metadata.json,results/k3_extension_20260717/run_k3_qwen2b_base_top3_gate070_maxin4352_20260717_114608_metadata.json,results/retrieval_traces/run_base_20260712_183739_retrieval_traces.jsonl,results/k3_extension_20260717/retrieval_traces/run_k3_qwen2b_base_top3_gate070_maxin4352_20260717_114608_retrieval_traces.jsonl,1032,True,True,True,True,True,True,1,3,2048,4352,no_explicit_statement_timeout,no_explicit_statement_timeout,k=1_vs_3;prompt_length;max_input_tokens;output_identity,[],MATCHED_WITH_LIMITATIONS,max_input_tokens_2048_vs_4352
qwen2b:base:top1_gate085_vs_top3_gate085,qwen2b,Qwen 3.5 2B,base,Base,top3_gate085,top1_gate085,top3_gate085,run_base_20260712_194508,run_k3_qwen2b_base_top3_gate085_maxin4352_20260717_124844,configs/eval_qwen35_2b_base_dynamic_fewshot_bge_large_top1_k1_full_schema_similarity_gate085_maxinput2048_full_aliasnames.json,c2d9b210b3176c74ddb201fae46e7fbe15c4409e351546fae841e47ea61200dc,configs/eval_qwen35_2b_base_dynamic_bge_large_top3_gate085_k3_full_schema_maxin4352_full_aliasnames.json,dbca16157748e2763937626af73c5a24ea7d25d664bd6950b5a0331d52ca3d9c,results/run_base_20260712_194508.csv,a644aa4aad5354d74e6adfa02228423b36a12bbb32e6bd9df068563e74061db5,results/k3_extension_20260717/run_k3_qwen2b_base_top3_gate085_maxin4352_20260717_124844.csv,52d9788ed827ef77c73b369c39271ebcdf12c9897abc6a3c1a1882b6f9683f66,results/run_base_20260712_194508_metadata.json,results/k3_extension_20260717/run_k3_qwen2b_base_top3_gate085_maxin4352_20260717_124844_metadata.json,results/retrieval_traces/run_base_20260712_194508_retrieval_traces.jsonl,results/k3_extension_20260717/retrieval_traces/run_k3_qwen2b_base_top3_gate085_maxin4352_20260717_124844_retrieval_traces.jsonl,1032,True,True,True,True,True,True,1,3,2048,4352,no_explicit_statement_timeout,no_explicit_statement_timeout,k=1_vs_3;prompt_length;max_input_tokens;output_identity,[],MATCHED_WITH_LIMITATIONS,max_input_tokens_2048_vs_4352
qwen2b:base:structure_vs_structure_top3,qwen2b,Qwen 3.5 2B,base,Base,structure_top3,structure,structure_top3,run_base_20260712_202105,run_k3_qwen2b_base_structure_top3_maxin4352_20260717_132002,configs/eval_qwen35_2b_base_dynamic_fewshot_bge_large_top10_structure_rerank_v2_k1_full_schema_maxinput2048_full_aliasnames.json,01826862c4677cb5a4efa0df76f02fe4fd575e6f20960088890e23a9cc0ccad0,configs/eval_qwen35_2b_base_dynamic_bge_large_top10_structure_rerank_v2_top3_k3_full_schema_maxin4352_full_aliasnames.json,9f3b70ba37e00fe34ce5347cf381e1be36d4eaa224eaa6aaa3f9ccdbbca6096f,results/run_base_20260712_202105.csv,3666e47eb165dcd5079ab987458e9d257c66ad94214ee0a2e6ea3ec15fd2b15c,results/k3_extension_20260717/run_k3_qwen2b_base_structure_top3_maxin4352_20260717_132002.csv,110b5a3f6d0505e551b5fc2b56268e192206d1766d064ded38fa53f6160687f3,results/run_base_20260712_202105_metadata.json,results/k3_extension_20260717/run_k3_qwen2b_base_structure_top3_maxin4352_20260717_132002_metadata.json,results/retrieval_traces/run_base_20260712_202105_retrieval_traces.jsonl,results/k3_extension_20260717/retrieval_traces/run_k3_qwen2b_base_structure_top3_maxin4352_20260717_132002_retrieval_traces.jsonl,1032,True,True,True,True,True,True,1,3,2048,4352,no_explicit_statement_timeout,no_explicit_statement_timeout,k=1_vs_3;prompt_length;max_input_tokens;output_identity,[],MATCHED_WITH_LIMITATIONS,max_input_tokens_2048_vs_4352
qwen2b:base:structure_gate070_vs_structure_top3_gate070,qwen2b,Qwen 3.5 2B,base,Base,structure_top3_gate070,structure_gate070,structure_top3_gate070,run_base_20260715_102049,run_k3_qwen2b_base_structure_top3_gate070_maxin4352_20260717_145336,configs/eval_qwen35_2b_base_dynamic_fewshot_bge_large_top10_structure_rerank_v2_k1_full_schema_similarity_gate070_maxinput2048_full_aliasnames.json,b260f537fafe8bd6eed9de903a3b6c18f69cc7f74c9342f9726714e4c9252934,configs/eval_qwen35_2b_base_dynamic_bge_large_top10_structure_rerank_v2_top3_gate070_k3_full_schema_maxin4352_full_aliasnames.json,14b2e5f356660bb6988fdeab953ee2ded10c7fb896db0545d33e7b84513dc2f5,results/run_base_20260715_102049.csv,7d92eb047e20b7a07d34d2e8bf052fc58cd7d976cf3ea307e259613ad0157257,results/k3_extension_20260717/run_k3_qwen2b_base_structure_top3_gate070_maxin4352_20260717_145336.csv,42f990f5843b3de64bbfc6034638d2075c738858dd3b86e1d235996d9e14fc99,results/run_base_20260715_102049_metadata.json,results/k3_extension_20260717/run_k3_qwen2b_base_structure_top3_gate070_maxin4352_20260717_145336_metadata.json,results/retrieval_traces/run_base_20260715_102049_retrieval_traces.jsonl,results/k3_extension_20260717/retrieval_traces/run_k3_qwen2b_base_structure_top3_gate070_maxin4352_20260717_145336_retrieval_traces.jsonl,1032,True,True,True,True,True,True,1,3,2048,4352,no_explicit_statement_timeout,no_explicit_statement_timeout,k=1_vs_3;prompt_length;max_input_tokens;output_identity,[],MATCHED_WITH_LIMITATIONS,max_input_tokens_2048_vs_4352
qwen2b:base:structure_gate085_vs_structure_top3_gate085,qwen2b,Qwen 3.5 2B,base,Base,structure_top3_gate085,structure_gate085,structure_top3_gate085,run_base_20260715_112920,run_k3_qwen2b_base_structure_top3_gate085_maxin4352_20260717_155500,configs/eval_qwen35_2b_base_dynamic_fewshot_bge_large_top10_structure_rerank_v2_k1_full_schema_similarity_gate085_maxinput2048_full_aliasnames.json,82facafb387abdf461e2252dbc87bd75e81e97671698363d1a57bb1a8e691a9e,configs/eval_qwen35_2b_base_dynamic_bge_large_top10_structure_rerank_v2_top3_gate085_k3_full_schema_maxin4352_full_aliasnames.json,c17526f9076d528c859ee04d73c6f81dbb26ff3289f5bf5467d0d955c00d6d81,results/run_base_20260715_112920.csv,3693eb102df8637ae7b3dcd3b4e86ae444401fa0693173cf1b29cfb9a75250f8,results/k3_extension_20260717/run_k3_qwen2b_base_structure_top3_gate085_maxin4352_20260717_155500.csv,7022b1f19b4c5f734eb15c228d0d4a47c1e39fd9cac906d835578bbe09fcbef7,results/run_base_20260715_112920_metadata.json,results/k3_extension_20260717/run_k3_qwen2b_base_structure_top3_gate085_maxin4352_20260717_155500_metadata.json,results/retrieval_traces/run_base_20260715_112920_retrieval_traces.jsonl,results/k3_extension_20260717/retrieval_traces/run_k3_qwen2b_base_structure_top3_gate085_maxin4352_20260717_155500_retrieval_traces.jsonl,1032,True,True,True,True,True,True,1,3,2048,4352,no_explicit_statement_timeout,no_explicit_statement_timeout,k=1_vs_3;prompt_length;max_input_tokens;output_identity,[],MATCHED_WITH_LIMITATIONS,max_input_tokens_2048_vs_4352
qwen2b:lora_v2:top1_vs_top3,qwen2b,Qwen 3.5 2B,lora_v2,LoRA v2,top3,top1,top3,run_lora_v2_fullchat_old25k_r8_alpha16_mixedval2500_v2_schemaheaderfix_evalstop_maxlen2048_epochs5_20260714_091541,run_k3_qwen2b_lora_v2_top3_maxin4352_20260717_162744,configs/eval_qwen35_2b_lora_v2_old25k_r8_alpha16_mixedval2500_v2_bestepoch1_dynamic_bge_large_top1_k1_full_schema_maxinput2048_full_aliasnames.json,b1f4c4b99afc69dff277dba2b9b61d1c4b2c608d3b8958a025e8d8ec53d50535,configs/eval_qwen35_2b_lora_v2_old25k_r8_alpha16_mixedval2500_v2_bestepoch1_dynamic_bge_large_top3_k3_full_schema_maxin4352_full_aliasnames.json,c5c2ab7ec7c8ccb86b1039b7978b2a9ba7b5f5cf6754fac39d87569936803478,results/run_lora_v2_fullchat_old25k_r8_alpha16_mixedval2500_v2_schemaheaderfix_evalstop_maxlen2048_epochs5_20260714_091541.csv,96408c76e118377b37ce2064d3ff7ce0ec9c85fb13f81acd0da625a31fc72d0e,results/k3_extension_20260717/run_k3_qwen2b_lora_v2_top3_maxin4352_20260717_162744.csv,352aa17359aa225b94f2d5acabf9c4f4634e70ff2bd10665c137ce55308bc173,results/run_lora_v2_fullchat_old25k_r8_alpha16_mixedval2500_v2_schemaheaderfix_evalstop_maxlen2048_epochs5_20260714_091541_metadata.json,results/k3_extension_20260717/run_k3_qwen2b_lora_v2_top3_maxin4352_20260717_162744_metadata.json,results/retrieval_traces/run_lora_v2_fullchat_old25k_r8_alpha16_mixedval2500_v2_schemaheaderfix_evalstop_maxlen2048_epochs5_20260714_091541_retrieval_traces.jsonl,results/k3_extension_20260717/retrieval_traces/run_k3_qwen2b_lora_v2_top3_maxin4352_20260717_162744_retrieval_traces.jsonl,1032,True,True,True,True,True,True,1,3,2048,4352,no_explicit_statement_timeout,no_explicit_statement_timeout,k=1_vs_3;prompt_length;max_input_tokens;output_identity,[],MATCHED_WITH_LIMITATIONS,max_input_tokens_2048_vs_4352
qwen2b:lora_v2:top1_gate070_vs_top3_gate070,qwen2b,Qwen 3.5 2B,lora_v2,LoRA v2,top3_gate070,top1_gate070,top3_gate070,run_lora_v2_fullchat_old25k_r8_alpha16_mixedval2500_v2_schemaheaderfix_evalstop_maxlen2048_epochs5_20260714_095759,run_k3_qwen2b_lora_v2_top3_gate070_maxin4352_20260717_171027,configs/eval_qwen35_2b_lora_v2_old25k_r8_alpha16_mixedval2500_v2_bestepoch1_dynamic_bge_large_top1_gate070_k1_full_schema_maxinput2048_full_aliasnames.json,14596e5351f43f6afc249c351eac8e553b704c37969ab38540dd8b91de3b673e,configs/eval_qwen35_2b_lora_v2_old25k_r8_alpha16_mixedval2500_v2_bestepoch1_dynamic_bge_large_top3_gate070_k3_full_schema_maxin4352_full_aliasnames.json,7186bfc5f0b6abcf6e9e141af5ef717fe20a40d41a8df58ba2046713e2785473,results/run_lora_v2_fullchat_old25k_r8_alpha16_mixedval2500_v2_schemaheaderfix_evalstop_maxlen2048_epochs5_20260714_095759.csv,66b8dc03b38cf681e2ebf16bc6451f325f65f5c5c906b832e88c9a24a0227fe2,results/k3_extension_20260717/run_k3_qwen2b_lora_v2_top3_gate070_maxin4352_20260717_171027.csv,2fef51f414ebd25ae28114ff3ad539d81031c534c824048da91dd57f475147ef,results/run_lora_v2_fullchat_old25k_r8_alpha16_mixedval2500_v2_schemaheaderfix_evalstop_maxlen2048_epochs5_20260714_095759_metadata.json,results/k3_extension_20260717/run_k3_qwen2b_lora_v2_top3_gate070_maxin4352_20260717_171027_metadata.json,results/retrieval_traces/run_lora_v2_fullchat_old25k_r8_alpha16_mixedval2500_v2_schemaheaderfix_evalstop_maxlen2048_epochs5_20260714_095759_retrieval_traces.jsonl,results/k3_extension_20260717/retrieval_traces/run_k3_qwen2b_lora_v2_top3_gate070_maxin4352_20260717_171027_retrieval_traces.jsonl,1032,True,True,True,True,True,True,1,3,2048,4352,no_explicit_statement_timeout,no_explicit_statement_timeout,k=1_vs_3;prompt_length;max_input_tokens;output_identity,[],MATCHED_WITH_LIMITATIONS,max_input_tokens_2048_vs_4352
qwen2b:lora_v2:top1_gate085_vs_top3_gate085,qwen2b,Qwen 3.5 2B,lora_v2,LoRA v2,top3_gate085,top1_gate085,top3_gate085,run_lora_v2_fullchat_old25k_r8_alpha16_mixedval2500_v2_schemaheaderfix_evalstop_maxlen2048_epochs5_20260714_103913,run_k3_qwen2b_lora_v2_top3_gate085_maxin4352_20260717_175214,configs/eval_qwen35_2b_lora_v2_old25k_r8_alpha16_mixedval2500_v2_bestepoch1_dynamic_bge_large_top1_gate085_k1_full_schema_maxinput2048_full_aliasnames.json,1c3284bb1bf461f2daf430fc768506df2d398f2e36fedf0e9750e9a7ebb08711,configs/eval_qwen35_2b_lora_v2_old25k_r8_alpha16_mixedval2500_v2_bestepoch1_dynamic_bge_large_top3_gate085_k3_full_schema_maxin4352_full_aliasnames.json,4f0f9aa9d0917ee57257b1e161aa5dda13aaf929cb3c394582962ae51ef646eb,results/run_lora_v2_fullchat_old25k_r8_alpha16_mixedval2500_v2_schemaheaderfix_evalstop_maxlen2048_epochs5_20260714_103913.csv,c7470ef62a35a96d653e40e4b06d075a0ab156d2dabeae5341c0e791bccf225e,results/k3_extension_20260717/run_k3_qwen2b_lora_v2_top3_gate085_maxin4352_20260717_175214.csv,ab806da0bdc44fe795b6d0e5738886a7718acb476dc897f3c1587f131fbccf1f,results/run_lora_v2_fullchat_old25k_r8_alpha16_mixedval2500_v2_schemaheaderfix_evalstop_maxlen2048_epochs5_20260714_103913_metadata.json,results/k3_extension_20260717/run_k3_qwen2b_lora_v2_top3_gate085_maxin4352_20260717_175214_metadata.json,results/retrieval_traces/run_lora_v2_fullchat_old25k_r8_alpha16_mixedval2500_v2_schemaheaderfix_evalstop_maxlen2048_epochs5_20260714_103913_retrieval_traces.jsonl,results/k3_extension_20260717/retrieval_traces/run_k3_qwen2b_lora_v2_top3_gate085_maxin4352_20260717_175214_retrieval_traces.jsonl,1032,True,True,True,True,True,True,1,3,2048,4352,no_explicit_statement_timeout,no_explicit_statement_timeout,k=1_vs_3;prompt_length;max_input_tokens;output_identity,[],MATCHED_WITH_LIMITATIONS,max_input_tokens_2048_vs_4352
qwen2b:lora_v2:structure_vs_structure_top3,qwen2b,Qwen 3.5 2B,lora_v2,LoRA v2,structure_top3,structure,structure_top3,run_lora_v2_fullchat_old25k_r8_alpha16_mixedval2500_v2_schemaheaderfix_evalstop_maxlen2048_epochs5_20260714_120540,run_k3_qwen2b_lora_v2_structure_top3_maxin4352_20260717_183318,configs/eval_qwen35_2b_lora_v2_old25k_r8_alpha16_mixedval2500_v2_bestepoch1_dynamic_bge_large_top10_structure_rerank_v2_k1_full_schema_maxinput2048_full_aliasnames.json,fbc4a91be7d1304d63a12ca13a48bfe9335bf3e543441b9aa972d064ab1a88e3,configs/eval_qwen35_2b_lora_v2_old25k_r8_alpha16_mixedval2500_v2_bestepoch1_dynamic_bge_large_top10_structure_rerank_v2_top3_k3_full_schema_maxin4352_full_aliasnames.json,0e692322a5b8d2af1fc5f5dc2ce884ba4edffb9d68184e042a7e794538b0d6af,results/run_lora_v2_fullchat_old25k_r8_alpha16_mixedval2500_v2_schemaheaderfix_evalstop_maxlen2048_epochs5_20260714_120540.csv,2f909126e53c2c3e91b15692c242b20240d052da9e02f5c5999c32f14eef40b6,results/k3_extension_20260717/run_k3_qwen2b_lora_v2_structure_top3_maxin4352_20260717_183318.csv,96149b93fd8ecb7d1d7d7b413076404783bcced85db0e88283bcd31cf6d8cc17,results/run_lora_v2_fullchat_old25k_r8_alpha16_mixedval2500_v2_schemaheaderfix_evalstop_maxlen2048_epochs5_20260714_120540_metadata.json,results/k3_extension_20260717/run_k3_qwen2b_lora_v2_structure_top3_maxin4352_20260717_183318_metadata.json,results/retrieval_traces/run_lora_v2_fullchat_old25k_r8_alpha16_mixedval2500_v2_schemaheaderfix_evalstop_maxlen2048_epochs5_20260714_120540_retrieval_traces.jsonl,results/k3_extension_20260717/retrieval_traces/run_k3_qwen2b_lora_v2_structure_top3_maxin4352_20260717_183318_retrieval_traces.jsonl,1032,True,True,True,True,True,True,1,3,2048,4352,no_explicit_statement_timeout,no_explicit_statement_timeout,k=1_vs_3;prompt_length;max_input_tokens;output_identity,[],MATCHED_WITH_LIMITATIONS,max_input_tokens_2048_vs_4352
qwen2b:lora_v2:structure_gate070_vs_structure_top3_gate070,qwen2b,Qwen 3.5 2B,lora_v2,LoRA v2,structure_top3_gate070,structure_gate070,structure_top3_gate070,run_lora_v2_fullchat_old25k_r8_alpha16_mixedval2500_v2_schemaheaderfix_evalstop_maxlen2048_epochs5_20260714_124740,run_k3_qwen2b_lora_v2_structure_top3_gate070_maxin4352_20260717_191647,configs/eval_qwen35_2b_lora_v2_old25k_r8_alpha16_mixedval2500_v2_bestepoch1_dynamic_bge_large_top10_structure_rerank_v2_gate070_k1_full_schema_maxinput2048_full_aliasnames.json,aba5dbe17f34e7f926ba86ce9df429cc51b05665c5771ca33e83d66be9092209,configs/eval_qwen35_2b_lora_v2_old25k_r8_alpha16_mixedval2500_v2_bestepoch1_dynamic_bge_large_top10_structure_rerank_v2_top3_gate070_k3_full_schema_maxin4352_full_aliasnames.json,574bcdcc55072869145b6ada03ebd853bece0ec7926ec261b8a805ec2435592d,results/run_lora_v2_fullchat_old25k_r8_alpha16_mixedval2500_v2_schemaheaderfix_evalstop_maxlen2048_epochs5_20260714_124740.csv,81d045dec8f4c4188efe4cacbecc7d9863a36c38f19d31d3f3bf1b680417a2b7,results/k3_extension_20260717/run_k3_qwen2b_lora_v2_structure_top3_gate070_maxin4352_20260717_191647.csv,139a4c9387fe9f29fca43ea1c154b11105b3a26a4541920969ba0c63d5244446,results/run_lora_v2_fullchat_old25k_r8_alpha16_mixedval2500_v2_schemaheaderfix_evalstop_maxlen2048_epochs5_20260714_124740_metadata.json,results/k3_extension_20260717/run_k3_qwen2b_lora_v2_structure_top3_gate070_maxin4352_20260717_191647_metadata.json,results/retrieval_traces/run_lora_v2_fullchat_old25k_r8_alpha16_mixedval2500_v2_schemaheaderfix_evalstop_maxlen2048_epochs5_20260714_124740_retrieval_traces.jsonl,results/k3_extension_20260717/retrieval_traces/run_k3_qwen2b_lora_v2_structure_top3_gate070_maxin4352_20260717_191647_retrieval_traces.jsonl,1032,True,True,True,True,True,True,1,3,2048,4352,no_explicit_statement_timeout,no_explicit_statement_timeout,k=1_vs_3;prompt_length;max_input_tokens;output_identity,[],MATCHED_WITH_LIMITATIONS,max_input_tokens_2048_vs_4352
qwen2b:lora_v2:structure_gate085_vs_structure_top3_gate085,qwen2b,Qwen 3.5 2B,lora_v2,LoRA v2,structure_top3_gate085,structure_gate085,structure_top3_gate085,run_lora_v2_fullchat_old25k_r8_alpha16_mixedval2500_v2_schemaheaderfix_evalstop_maxlen2048_epochs5_20260714_132822,run_k3_qwen2b_lora_v2_structure_top3_gate085_maxin4352_20260717_195838,configs/eval_qwen35_2b_lora_v2_old25k_r8_alpha16_mixedval2500_v2_bestepoch1_dynamic_bge_large_top10_structure_rerank_v2_gate085_k1_full_schema_maxinput2048_full_aliasnames.json,a3969438f279d94ec908c2e990cb25406de1017efbee1bdd7f62ef39edb40a77,configs/eval_qwen35_2b_lora_v2_old25k_r8_alpha16_mixedval2500_v2_bestepoch1_dynamic_bge_large_top10_structure_rerank_v2_top3_gate085_k3_full_schema_maxin4352_full_aliasnames.json,976f85d7af9f146f01e54b0d5df11e21376bedb66505e1518a4ff0e7c28d93c9,results/run_lora_v2_fullchat_old25k_r8_alpha16_mixedval2500_v2_schemaheaderfix_evalstop_maxlen2048_epochs5_20260714_132822.csv,954db6c8ef5926ecadd1335ac8600711afb1f25d72ee86922d0c23af5ff23cf6,results/k3_extension_20260717/run_k3_qwen2b_lora_v2_structure_top3_gate085_maxin4352_20260717_195838.csv,0d232f908fbdeef26111103ba073f0f56aa93be1bc99a87b94da66537fded6f9,results/run_lora_v2_fullchat_old25k_r8_alpha16_mixedval2500_v2_schemaheaderfix_evalstop_maxlen2048_epochs5_20260714_132822_metadata.json,results/k3_extension_20260717/run_k3_qwen2b_lora_v2_structure_top3_gate085_maxin4352_20260717_195838_metadata.json,results/retrieval_traces/run_lora_v2_fullchat_old25k_r8_alpha16_mixedval2500_v2_schemaheaderfix_evalstop_maxlen2048_epochs5_20260714_132822_retrieval_traces.jsonl,results/k3_extension_20260717/retrieval_traces/run_k3_qwen2b_lora_v2_structure_top3_gate085_maxin4352_20260717_195838_retrieval_traces.jsonl,1032,True,True,True,True,True,True,1,3,2048,4352,no_explicit_statement_timeout,no_explicit_statement_timeout,k=1_vs_3;prompt_length;max_input_tokens;output_identity,[],MATCHED_WITH_LIMITATIONS,max_input_tokens_2048_vs_4352
llama3b:base:top1_vs_top3,llama3b,Llama 3.2 3B Instruct,base,Base,top3,top1,top3,run_base_20260714_164116,run_k3_llama3b_base_top3_maxin4352_20260717_203852,configs/eval_llama32_3b_instruct_base_dynamic_bge_large_top1_k1_full_schema_maxinput2048_full_aliasnames.json,cd638753720cd43a32396331f246fec03858992b68999025b8944205aa0a28bc,configs/eval_llama32_3b_instruct_base_dynamic_bge_large_top3_k3_full_schema_maxin4352_full_aliasnames.json,f72ecf18ad94f41493c42cda30f86026f981d341c421ac9d570dac06f46ed39c,results/run_base_20260714_164116.csv,1558342a130fc421f25bb320bb8f6fd068d7f395a2ab81af9647b0ad59763088,results/k3_extension_20260717/run_k3_llama3b_base_top3_maxin4352_20260717_203852.csv,aeb3992fdea5b39f552de238fa859a52d9a311b54186ff96808a02374ca4394c,results/run_base_20260714_164116_metadata.json,results/k3_extension_20260717/run_k3_llama3b_base_top3_maxin4352_20260717_203852_metadata.json,results/retrieval_traces/run_base_20260714_164116_retrieval_traces.jsonl,results/k3_extension_20260717/retrieval_traces/run_k3_llama3b_base_top3_maxin4352_20260717_203852_retrieval_traces.jsonl,1032,True,True,True,True,True,True,1,3,2048,4352,no_explicit_statement_timeout,no_explicit_statement_timeout,k=1_vs_3;prompt_length;max_input_tokens;output_identity,[],MATCHED_WITH_LIMITATIONS,max_input_tokens_2048_vs_4352
llama3b:base:top1_gate070_vs_top3_gate070,llama3b,Llama 3.2 3B Instruct,base,Base,top3_gate070,top1_gate070,top3_gate070,run_base_20260714_165432,run_k3_llama3b_base_top3_gate070_maxin4352_20260717_205807,configs/eval_llama32_3b_instruct_base_dynamic_bge_large_top1_gate070_k1_full_schema_maxinput2048_full_aliasnames.json,dadd1f60b8aed6b5baf93e87c5f081e5321b0b1220ed9249d6456163ea77f23e,configs/eval_llama32_3b_instruct_base_dynamic_bge_large_top3_gate070_k3_full_schema_maxin4352_full_aliasnames.json,145f53212831facf257001ccfa68efe640052818deb868fe3f7ae62ad64146ef,results/run_base_20260714_165432.csv,48cef6fd6bde75564f119f6adfcd445556b6f5efc293e241c4ad9d8f15fc58cf,results/k3_extension_20260717/run_k3_llama3b_base_top3_gate070_maxin4352_20260717_205807.csv,ccf19dc0f0f0859b1e9a0115f2de0a54f7bcf801a42cff0453834b57f25cb3fc,results/run_base_20260714_165432_metadata.json,results/k3_extension_20260717/run_k3_llama3b_base_top3_gate070_maxin4352_20260717_205807_metadata.json,results/retrieval_traces/run_base_20260714_165432_retrieval_traces.jsonl,results/k3_extension_20260717/retrieval_traces/run_k3_llama3b_base_top3_gate070_maxin4352_20260717_205807_retrieval_traces.jsonl,1032,True,True,True,True,True,True,1,3,2048,4352,no_explicit_statement_timeout,no_explicit_statement_timeout,k=1_vs_3;prompt_length;max_input_tokens;output_identity,[],MATCHED_WITH_LIMITATIONS,max_input_tokens_2048_vs_4352
llama3b:base:top1_gate085_vs_top3_gate085,llama3b,Llama 3.2 3B Instruct,base,Base,top3_gate085,top1_gate085,top3_gate085,run_base_20260714_170748,run_k3_llama3b_base_top3_gate085_maxin4352_20260717_211705,configs/eval_llama32_3b_instruct_base_dynamic_bge_large_top1_gate085_k1_full_schema_maxinput2048_full_aliasnames.json,e4569c64126a69fa95b90cdfb47d73451d88cbfcb54a91b5ca66a28921e1ef5b,configs/eval_llama32_3b_instruct_base_dynamic_bge_large_top3_gate085_k3_full_schema_maxin4352_full_aliasnames.json,80594e2a0725b714ca62863d2c64db3732a27b1890828d85fa12db8b3076a79b,results/run_base_20260714_170748.csv,37307711c04c1935c4c35bd94a4d85680451ef9a63369d562a43ef1333459651,results/k3_extension_20260717/run_k3_llama3b_base_top3_gate085_maxin4352_20260717_211705.csv,8c1e0c949e2722149500a487ba5c2624183bcd79799be5322b93700aff19676d,results/run_base_20260714_170748_metadata.json,results/k3_extension_20260717/run_k3_llama3b_base_top3_gate085_maxin4352_20260717_211705_metadata.json,results/retrieval_traces/run_base_20260714_170748_retrieval_traces.jsonl,results/k3_extension_20260717/retrieval_traces/run_k3_llama3b_base_top3_gate085_maxin4352_20260717_211705_retrieval_traces.jsonl,1032,True,True,True,True,True,True,1,3,2048,4352,no_explicit_statement_timeout,no_explicit_statement_timeout,k=1_vs_3;prompt_length;max_input_tokens;output_identity,[],MATCHED_WITH_LIMITATIONS,max_input_tokens_2048_vs_4352
llama3b:base:structure_vs_structure_top3,llama3b,Llama 3.2 3B Instruct,base,Base,structure_top3,structure,structure_top3,run_base_20260714_173302,run_k3_llama3b_base_structure_top3_maxin4352_20260717_213156,configs/eval_llama32_3b_instruct_base_dynamic_bge_large_top10_structure_rerank_v2_k1_full_schema_maxinput2048_full_aliasnames.json,5200355e940504249349e30624064231d80fd55863110fa823455f9742eac41a,configs/eval_llama32_3b_instruct_base_dynamic_bge_large_top10_structure_rerank_v2_top3_k3_full_schema_maxin4352_full_aliasnames.json,3f97151c66b85513467fea089555be7da9bba31a177b2292ea2e93466155e245,results/run_base_20260714_173302.csv,a06d930b621179a0cf41d981eb0cbc36d14ebb133eee0015feae3b20280f9bb8,results/k3_extension_20260717/run_k3_llama3b_base_structure_top3_maxin4352_20260717_213156.csv,42554de7307d4e5c0e32fa4f28a52ce3f1d9c91653d879b1b2ab62fdfec949a6,results/run_base_20260714_173302_metadata.json,results/k3_extension_20260717/run_k3_llama3b_base_structure_top3_maxin4352_20260717_213156_metadata.json,results/retrieval_traces/run_base_20260714_173302_retrieval_traces.jsonl,results/k3_extension_20260717/retrieval_traces/run_k3_llama3b_base_structure_top3_maxin4352_20260717_213156_retrieval_traces.jsonl,1032,True,True,True,True,True,True,1,3,2048,4352,no_explicit_statement_timeout,no_explicit_statement_timeout,k=1_vs_3;prompt_length;max_input_tokens;output_identity,[],MATCHED_WITH_LIMITATIONS,max_input_tokens_2048_vs_4352
llama3b:base:structure_gate070_vs_structure_top3_gate070,llama3b,Llama 3.2 3B Instruct,base,Base,structure_top3_gate070,structure_gate070,structure_top3_gate070,run_base_20260714_174639,run_k3_llama3b_base_structure_top3_gate070_maxin4352_20260717_214607,configs/eval_llama32_3b_instruct_base_dynamic_bge_large_top10_structure_rerank_v2_gate070_k1_full_schema_maxinput2048_full_aliasnames.json,ece6deb366feed8a9c785b2bd375e542c0a387ff0b3dc28150152aecf4ee121b,configs/eval_llama32_3b_instruct_base_dynamic_bge_large_top10_structure_rerank_v2_top3_gate070_k3_full_schema_maxin4352_full_aliasnames.json,290efa4a0b02012c8351290a8c093e01eb7903c01b0c96c202b7e9a58f92c0c7,results/run_base_20260714_174639.csv,371a7952268d34f7675cbe82afcbfab8c779ed42e169fcdb0049554cdfcf5f04,results/k3_extension_20260717/run_k3_llama3b_base_structure_top3_gate070_maxin4352_20260717_214607.csv,67f66f2e05c73d784f162fa88b23ae048d506a448d843c02ddf2dc2a58b518f9,results/run_base_20260714_174639_metadata.json,results/k3_extension_20260717/run_k3_llama3b_base_structure_top3_gate070_maxin4352_20260717_214607_metadata.json,results/retrieval_traces/run_base_20260714_174639_retrieval_traces.jsonl,results/k3_extension_20260717/retrieval_traces/run_k3_llama3b_base_structure_top3_gate070_maxin4352_20260717_214607_retrieval_traces.jsonl,1032,True,True,True,True,True,True,1,3,2048,4352,no_explicit_statement_timeout,no_explicit_statement_timeout,k=1_vs_3;prompt_length;max_input_tokens;output_identity,[],MATCHED_WITH_LIMITATIONS,max_input_tokens_2048_vs_4352
llama3b:base:structure_gate085_vs_structure_top3_gate085,llama3b,Llama 3.2 3B Instruct,base,Base,structure_top3_gate085,structure_gate085,structure_top3_gate085,run_base_20260714_180015,run_k3_llama3b_base_structure_top3_gate085_maxin4352_20260717_215940,configs/eval_llama32_3b_instruct_base_dynamic_bge_large_top10_structure_rerank_v2_gate085_k1_full_schema_maxinput2048_full_aliasnames.json,d040c91d7fb8be171dcd77198ae95516add1c7f68976e192d012dd81d904a47a,configs/eval_llama32_3b_instruct_base_dynamic_bge_large_top10_structure_rerank_v2_top3_gate085_k3_full_schema_maxin4352_full_aliasnames.json,7853e66bb5628f398d44b629773c5667e95c787d96d426360b0d404c5869051c,results/run_base_20260714_180015.csv,1c60b02d9fe274256a42be8eea27050ec42d874472f99b0839416514889f67be,results/k3_extension_20260717/run_k3_llama3b_base_structure_top3_gate085_maxin4352_20260717_215940.csv,b58ac01b588cccd36eab863156a31ebaa76e2b1f5c0486f91668563ad6d5076b,results/run_base_20260714_180015_metadata.json,results/k3_extension_20260717/run_k3_llama3b_base_structure_top3_gate085_maxin4352_20260717_215940_metadata.json,results/retrieval_traces/run_base_20260714_180015_retrieval_traces.jsonl,results/k3_extension_20260717/retrieval_traces/run_k3_llama3b_base_structure_top3_gate085_maxin4352_20260717_215940_retrieval_traces.jsonl,1032,True,True,True,True,True,True,1,3,2048,4352,no_explicit_statement_timeout,no_explicit_statement_timeout,k=1_vs_3;prompt_length;max_input_tokens;output_identity,[],MATCHED_WITH_LIMITATIONS,max_input_tokens_2048_vs_4352
llama3b:lora_v2:top1_vs_top3,llama3b,Llama 3.2 3B Instruct,lora_v2,LoRA v2,top3,top1,top3,run_lora_v2_fullchat_old25k_r8_alpha16_mixedval2500_v2_schemaheaderfix_evalstop_maxlen2048_epochs5_20260714_222657,run_k3_llama3b_lora_v2_top3_maxin4352_20260717_221429,configs/eval_llama32_3b_instruct_lora_v2_old25k_r8_alpha16_mixedval2500_v2_dynamic_bge_large_top1_k1_full_schema_maxinput2048_full_aliasnames.json,5c02652cb2b51211224a0321db890f441c4786f778a8c1032633bb6d5aa69e79,configs/eval_llama32_3b_instruct_lora_v2_old25k_r8_alpha16_mixedval2500_v2_dynamic_bge_large_top3_k3_full_schema_maxin4352_full_aliasnames.json,566e2dc0ead804212232767ddec2a36d276765654343a58a34a50b66a7239450,results/run_lora_v2_fullchat_old25k_r8_alpha16_mixedval2500_v2_schemaheaderfix_evalstop_maxlen2048_epochs5_20260714_222657.csv,ad2113ec0526cb708d01335869e5f873f2784a2ae9afef99e2a36f61837681bd,results/k3_extension_20260717/run_k3_llama3b_lora_v2_top3_maxin4352_20260717_221429.csv,85f1793e1a855701d79141f5d76da420ddbb025bf7e31f8ff52613b78b7c3cd1,results/run_lora_v2_fullchat_old25k_r8_alpha16_mixedval2500_v2_schemaheaderfix_evalstop_maxlen2048_epochs5_20260714_222657_metadata.json,results/k3_extension_20260717/run_k3_llama3b_lora_v2_top3_maxin4352_20260717_221429_metadata.json,results/retrieval_traces/run_lora_v2_fullchat_old25k_r8_alpha16_mixedval2500_v2_schemaheaderfix_evalstop_maxlen2048_epochs5_20260714_222657_retrieval_traces.jsonl,results/k3_extension_20260717/retrieval_traces/run_k3_llama3b_lora_v2_top3_maxin4352_20260717_221429_retrieval_traces.jsonl,1032,True,True,True,True,True,True,1,3,2048,4352,no_explicit_statement_timeout,no_explicit_statement_timeout,k=1_vs_3;prompt_length;max_input_tokens;output_identity,[],MATCHED_WITH_LIMITATIONS,max_input_tokens_2048_vs_4352
llama3b:lora_v2:top1_gate070_vs_top3_gate070,llama3b,Llama 3.2 3B Instruct,lora_v2,LoRA v2,top3_gate070,top1_gate070,top3_gate070,run_lora_v2_fullchat_old25k_r8_alpha16_mixedval2500_v2_schemaheaderfix_evalstop_maxlen2048_epochs5_20260714_225553,run_k3_llama3b_lora_v2_top3_gate070_maxin4352_20260717_224434,configs/eval_llama32_3b_instruct_lora_v2_old25k_r8_alpha16_mixedval2500_v2_dynamic_bge_large_top1_gate070_k1_full_schema_maxinput2048_full_aliasnames.json,83e70474d632aa71f108e62a6f606d2937db7ca1823df313dc90ef12bd0b2ee4,configs/eval_llama32_3b_instruct_lora_v2_old25k_r8_alpha16_mixedval2500_v2_dynamic_bge_large_top3_gate070_k3_full_schema_maxin4352_full_aliasnames.json,755ad440f7bfc985acdeb838f7a81a754cd24fd329dd2873379a273854ad9c46,results/run_lora_v2_fullchat_old25k_r8_alpha16_mixedval2500_v2_schemaheaderfix_evalstop_maxlen2048_epochs5_20260714_225553.csv,4ee03c772d8fd6b4d7d8b0f51b565edf58925163e53598f15b25d54438261f33,results/k3_extension_20260717/run_k3_llama3b_lora_v2_top3_gate070_maxin4352_20260717_224434.csv,34de09e4486a574ce27a7347d9376b8b0ce3c8bca9be5aec329aac0d1846e8a3,results/run_lora_v2_fullchat_old25k_r8_alpha16_mixedval2500_v2_schemaheaderfix_evalstop_maxlen2048_epochs5_20260714_225553_metadata.json,results/k3_extension_20260717/run_k3_llama3b_lora_v2_top3_gate070_maxin4352_20260717_224434_metadata.json,results/retrieval_traces/run_lora_v2_fullchat_old25k_r8_alpha16_mixedval2500_v2_schemaheaderfix_evalstop_maxlen2048_epochs5_20260714_225553_retrieval_traces.jsonl,results/k3_extension_20260717/retrieval_traces/run_k3_llama3b_lora_v2_top3_gate070_maxin4352_20260717_224434_retrieval_traces.jsonl,1032,True,True,True,True,True,True,1,3,2048,4352,no_explicit_statement_timeout,no_explicit_statement_timeout,k=1_vs_3;prompt_length;max_input_tokens;output_identity,[],MATCHED_WITH_LIMITATIONS,max_input_tokens_2048_vs_4352
llama3b:lora_v2:top1_gate085_vs_top3_gate085,llama3b,Llama 3.2 3B Instruct,lora_v2,LoRA v2,top3_gate085,top1_gate085,top3_gate085,run_lora_v2_fullchat_old25k_r8_alpha16_mixedval2500_v2_schemaheaderfix_evalstop_maxlen2048_epochs5_20260714_232516,run_k3_llama3b_lora_v2_top3_gate085_maxin4352_20260717_231428,configs/eval_llama32_3b_instruct_lora_v2_old25k_r8_alpha16_mixedval2500_v2_dynamic_bge_large_top1_gate085_k1_full_schema_maxinput2048_full_aliasnames.json,3a1e79753c7477ef4a5633dd1a40b132291fa2d6a3a979bbc6f96e7f0b4693d5,configs/eval_llama32_3b_instruct_lora_v2_old25k_r8_alpha16_mixedval2500_v2_dynamic_bge_large_top3_gate085_k3_full_schema_maxin4352_full_aliasnames.json,056729e47746bcc0293b9095da3a795c86b75d0826c93add6d5f236ba2ad94ab,results/run_lora_v2_fullchat_old25k_r8_alpha16_mixedval2500_v2_schemaheaderfix_evalstop_maxlen2048_epochs5_20260714_232516.csv,a60c4e896c75443f176e2423252dd6d09dc127ca615fb24c2c9f058407ef3c7a,results/k3_extension_20260717/run_k3_llama3b_lora_v2_top3_gate085_maxin4352_20260717_231428.csv,46c428c9dc5264c9711ee13923b6f52f1534ab27932e4f0b5bc3419a9f9f0d67,results/run_lora_v2_fullchat_old25k_r8_alpha16_mixedval2500_v2_schemaheaderfix_evalstop_maxlen2048_epochs5_20260714_232516_metadata.json,results/k3_extension_20260717/run_k3_llama3b_lora_v2_top3_gate085_maxin4352_20260717_231428_metadata.json,results/retrieval_traces/run_lora_v2_fullchat_old25k_r8_alpha16_mixedval2500_v2_schemaheaderfix_evalstop_maxlen2048_epochs5_20260714_232516_retrieval_traces.jsonl,results/k3_extension_20260717/retrieval_traces/run_k3_llama3b_lora_v2_top3_gate085_maxin4352_20260717_231428_retrieval_traces.jsonl,1032,True,True,True,True,True,True,1,3,2048,4352,no_explicit_statement_timeout,no_explicit_statement_timeout,k=1_vs_3;prompt_length;max_input_tokens;output_identity,[],MATCHED_WITH_LIMITATIONS,max_input_tokens_2048_vs_4352
llama3b:lora_v2:structure_vs_structure_top3,llama3b,Llama 3.2 3B Instruct,lora_v2,LoRA v2,structure_top3,structure,structure_top3,run_lora_v2_fullchat_old25k_r8_alpha16_mixedval2500_v2_schemaheaderfix_evalstop_maxlen2048_epochs5_20260715_002034,run_k3_llama3b_lora_v2_structure_top3_maxin4352_20260717_234324,configs/eval_llama32_3b_instruct_lora_v2_old25k_r8_alpha16_mixedval2500_v2_dynamic_bge_large_top10_structure_rerank_v2_k1_full_schema_maxinput2048_full_aliasnames.json,608399e5b47e85609fc2082a0a92f149e3cf440b693aa9832ba0cb6f4e7448b9,configs/eval_llama32_3b_instruct_lora_v2_old25k_r8_alpha16_mixedval2500_v2_dynamic_bge_large_top10_structure_rerank_v2_top3_k3_full_schema_maxin4352_full_aliasnames.json,4966c61fc87c6d4e513bf01a3d683b74898486554558969fe07e3e060593dcfd,results/run_lora_v2_fullchat_old25k_r8_alpha16_mixedval2500_v2_schemaheaderfix_evalstop_maxlen2048_epochs5_20260715_002034.csv,cd53672a85f37a33cd514f10608977266c3028e66e9fcba661cc33a626033bb5,results/k3_extension_20260717/run_k3_llama3b_lora_v2_structure_top3_maxin4352_20260717_234324.csv,4b6ca7737371ea69ce88ace69e5362f1e01b1a5be763890bf5154170d79efeb4,results/run_lora_v2_fullchat_old25k_r8_alpha16_mixedval2500_v2_schemaheaderfix_evalstop_maxlen2048_epochs5_20260715_002034_metadata.json,results/k3_extension_20260717/run_k3_llama3b_lora_v2_structure_top3_maxin4352_20260717_234324_metadata.json,results/retrieval_traces/run_lora_v2_fullchat_old25k_r8_alpha16_mixedval2500_v2_schemaheaderfix_evalstop_maxlen2048_epochs5_20260715_002034_retrieval_traces.jsonl,results/k3_extension_20260717/retrieval_traces/run_k3_llama3b_lora_v2_structure_top3_maxin4352_20260717_234324_retrieval_traces.jsonl,1032,True,True,True,True,True,True,1,3,2048,4352,no_explicit_statement_timeout,no_explicit_statement_timeout,k=1_vs_3;prompt_length;max_input_tokens;output_identity,[],MATCHED_WITH_LIMITATIONS,max_input_tokens_2048_vs_4352
llama3b:lora_v2:structure_gate070_vs_structure_top3_gate070,llama3b,Llama 3.2 3B Instruct,lora_v2,LoRA v2,structure_top3_gate070,structure_gate070,structure_top3_gate070,run_lora_v2_fullchat_old25k_r8_alpha16_mixedval2500_v2_schemaheaderfix_evalstop_maxlen2048_epochs5_20260715_005046,run_k3_llama3b_lora_v2_structure_top3_gate070_maxin4352_20260718_001419,configs/eval_llama32_3b_instruct_lora_v2_old25k_r8_alpha16_mixedval2500_v2_dynamic_bge_large_top10_structure_rerank_v2_gate070_k1_full_schema_maxinput2048_full_aliasnames.json,071fd48d9f1b4d90878ae3d7847be1eb0b73eeec8a10aca2dbaf4ac8c30db580,configs/eval_llama32_3b_instruct_lora_v2_old25k_r8_alpha16_mixedval2500_v2_dynamic_bge_large_top10_structure_rerank_v2_top3_gate070_k3_full_schema_maxin4352_full_aliasnames.json,8467df1ffa75fa638de57c10589ed18b133bf4109fd9abd0dbcb0c79ea09c3a9,results/run_lora_v2_fullchat_old25k_r8_alpha16_mixedval2500_v2_schemaheaderfix_evalstop_maxlen2048_epochs5_20260715_005046.csv,36a6cc3396229bb3f7e49ac84cbc65b2da3bac15585ee28298e294061033ab41,results/k3_extension_20260717/run_k3_llama3b_lora_v2_structure_top3_gate070_maxin4352_20260718_001419.csv,4675cb2832e7b27f323c4d847b8f4b86f5db06b2e4d3ecd4a926aa94bcbb7187,results/run_lora_v2_fullchat_old25k_r8_alpha16_mixedval2500_v2_schemaheaderfix_evalstop_maxlen2048_epochs5_20260715_005046_metadata.json,results/k3_extension_20260717/run_k3_llama3b_lora_v2_structure_top3_gate070_maxin4352_20260718_001419_metadata.json,results/retrieval_traces/run_lora_v2_fullchat_old25k_r8_alpha16_mixedval2500_v2_schemaheaderfix_evalstop_maxlen2048_epochs5_20260715_005046_retrieval_traces.jsonl,results/k3_extension_20260717/retrieval_traces/run_k3_llama3b_lora_v2_structure_top3_gate070_maxin4352_20260718_001419_retrieval_traces.jsonl,1032,True,True,True,True,True,True,1,3,2048,4352,no_explicit_statement_timeout,no_explicit_statement_timeout,k=1_vs_3;prompt_length;max_input_tokens;output_identity,[],MATCHED_WITH_LIMITATIONS,max_input_tokens_2048_vs_4352
llama3b:lora_v2:structure_gate085_vs_structure_top3_gate085,llama3b,Llama 3.2 3B Instruct,lora_v2,LoRA v2,structure_top3_gate085,structure_gate085,structure_top3_gate085,run_lora_v2_fullchat_old25k_r8_alpha16_mixedval2500_v2_schemaheaderfix_evalstop_maxlen2048_epochs5_20260715_012027,run_k3_llama3b_lora_v2_structure_top3_gate085_maxin4352_20260718_004341,configs/eval_llama32_3b_instruct_lora_v2_old25k_r8_alpha16_mixedval2500_v2_dynamic_bge_large_top10_structure_rerank_v2_gate085_k1_full_schema_maxinput2048_full_aliasnames.json,adeebe74aad37955ee1188e78de17db1d8aa4b5e5b621a386e7d95f81074fdd8,configs/eval_llama32_3b_instruct_lora_v2_old25k_r8_alpha16_mixedval2500_v2_dynamic_bge_large_top10_structure_rerank_v2_top3_gate085_k3_full_schema_maxin4352_full_aliasnames.json,9f237f2c207cb830b3547d14472b1589567b0ebf995c6e30baa94e2244fa906f,results/run_lora_v2_fullchat_old25k_r8_alpha16_mixedval2500_v2_schemaheaderfix_evalstop_maxlen2048_epochs5_20260715_012027.csv,282b619b5225c6891292c2c9e0f2c889d2e8fd8ba1dc52cd1ef3117c2820dee8,results/k3_extension_20260717/run_k3_llama3b_lora_v2_structure_top3_gate085_maxin4352_20260718_004341.csv,007ccc74957aa2169a67793e944920561cd535cf78f7f97d1b051be5730985ab,results/run_lora_v2_fullchat_old25k_r8_alpha16_mixedval2500_v2_schemaheaderfix_evalstop_maxlen2048_epochs5_20260715_012027_metadata.json,results/k3_extension_20260717/run_k3_llama3b_lora_v2_structure_top3_gate085_maxin4352_20260718_004341_metadata.json,results/retrieval_traces/run_lora_v2_fullchat_old25k_r8_alpha16_mixedval2500_v2_schemaheaderfix_evalstop_maxlen2048_epochs5_20260715_012027_retrieval_traces.jsonl,results/k3_extension_20260717/retrieval_traces/run_k3_llama3b_lora_v2_structure_top3_gate085_maxin4352_20260718_004341_retrieval_traces.jsonl,1032,True,True,True,True,True,True,1,3,2048,4352,no_explicit_statement_timeout,no_explicit_statement_timeout,k=1_vs_3;prompt_length;max_input_tokens;output_identity,[],MATCHED_WITH_LIMITATIONS,max_input_tokens_2048_vs_4352
qwen9b:base:top1_vs_top3,qwen9b,Qwen 3.5 9B,base,Base,top3,top1,top3,run_base_20260712_143438,run_k3_qwen9b_base_top3_maxin4352_sqltimeout900v3_20260718_180657,configs/eval_qwen35_9b_base_dynamic_fewshot_bge_large_top1_k1_full_schema_maxinput2048_full_aliasnames.json,0fd0dc9e7e983da43ce2751481d2596ca8c9a5cd5213252e1e8f904ad0314a48,configs/eval_qwen35_9b_base_dynamic_bge_large_top3_k3_full_schema_maxin4352_full_aliasnames_sqltimeout900v3.json,587e0e623a3bf907d4f0c236b876699f2b242f075942e2cf30df5a4ea8bbd98d,results/run_base_20260712_143438.csv,4b725fa2798e1381f00bcada4b82b101c58f48424111f73dea4a24d892caddac,results/k3_extension_20260717/run_k3_qwen9b_base_top3_maxin4352_sqltimeout900v3_20260718_180657.csv,8192134d287aefe477687503d18244b26611ca7b3077580afaac90d6ac10de01,results/run_base_20260712_143438_metadata.json,results/k3_extension_20260717/run_k3_qwen9b_base_top3_maxin4352_sqltimeout900v3_20260718_180657_metadata.json,results/retrieval_traces/run_base_20260712_143438_retrieval_traces.jsonl,results/k3_extension_20260717/retrieval_traces/run_k3_qwen9b_base_top3_maxin4352_sqltimeout900v3_20260718_180657_retrieval_traces.jsonl,1032,True,True,True,True,True,True,1,3,2048,4352,no_explicit_statement_timeout,900s_per_statement,k=1_vs_3;prompt_length;max_input_tokens;output_identity;qwen9b_k3_timeout_policy,[],MATCHED_WITH_LIMITATIONS,max_input_tokens_2048_vs_4352;k3_900s_statement_timeout_vs_k1_no_explicit_statement_timeout
qwen9b:base:top1_gate070_vs_top3_gate070,qwen9b,Qwen 3.5 9B,base,Base,top3_gate070,top1_gate070,top3_gate070,run_base_20260712_150257,run_k3_qwen9b_base_top3_gate070_maxin4352_sqltimeout900v3_20260718_092641,configs/eval_qwen35_9b_base_dynamic_fewshot_bge_large_top1_k1_full_schema_similarity_gate070_maxinput2048_full_aliasnames.json,8d60e863cc65e54bf7617453b42eb79851dda08eec53032893282daa93146efc,configs/eval_qwen35_9b_base_dynamic_bge_large_top3_gate070_k3_full_schema_maxin4352_full_aliasnames_sqltimeout900v3.json,3b8910e6be11ea1dd8c0ee9b1b0cc2ba177d7c08290d8db8bfa6885d91880b98,results/run_base_20260712_150257.csv,80a0b5522b40786cb55eb6b53f8124244348131322acac163dd040b7c55407e5,results/k3_extension_20260717/run_k3_qwen9b_base_top3_gate070_maxin4352_sqltimeout900v3_20260718_092641.csv,c3b1f18a411375724bf54112ebc41d33094da78003bad5c7917eed89d8ee6e7d,results/run_base_20260712_150257_metadata.json,results/k3_extension_20260717/run_k3_qwen9b_base_top3_gate070_maxin4352_sqltimeout900v3_20260718_092641_metadata.json,results/retrieval_traces/run_base_20260712_150257_retrieval_traces.jsonl,results/k3_extension_20260717/retrieval_traces/run_k3_qwen9b_base_top3_gate070_maxin4352_sqltimeout900v3_20260718_092641_retrieval_traces.jsonl,1032,True,True,True,True,True,True,1,3,2048,4352,no_explicit_statement_timeout,900s_per_statement,k=1_vs_3;prompt_length;max_input_tokens;output_identity;qwen9b_k3_timeout_policy,[],MATCHED_WITH_LIMITATIONS,max_input_tokens_2048_vs_4352;k3_900s_statement_timeout_vs_k1_no_explicit_statement_timeout
qwen9b:base:top1_gate085_vs_top3_gate085,qwen9b,Qwen 3.5 9B,base,Base,top3_gate085,top1_gate085,top3_gate085,run_base_20260712_153056,run_k3_qwen9b_base_top3_gate085_maxin4352_sqltimeout900v3_20260718_095446,configs/eval_qwen35_9b_base_dynamic_fewshot_bge_large_top1_k1_full_schema_similarity_gate085_maxinput2048_full_aliasnames.json,be6490e89a04ce2d2a3bb3543796a10cec87b69022e536ac31edab64e5ccd1db,configs/eval_qwen35_9b_base_dynamic_bge_large_top3_gate085_k3_full_schema_maxin4352_full_aliasnames_sqltimeout900v3.json,6d356a3e10472a74f06c79d624dd4272b66a442f83e50339092dd4a997ac1c28,results/run_base_20260712_153056.csv,09270fe17fcd659876530ce9dda0f099762565d451b14f21eedb76fe801e1e9e,results/k3_extension_20260717/run_k3_qwen9b_base_top3_gate085_maxin4352_sqltimeout900v3_20260718_095446.csv,9e44891fa3db6c5e3fcb1788e0aa39ebb0d9949cdd63a509d2a08e48774e412e,results/run_base_20260712_153056_metadata.json,results/k3_extension_20260717/run_k3_qwen9b_base_top3_gate085_maxin4352_sqltimeout900v3_20260718_095446_metadata.json,results/retrieval_traces/run_base_20260712_153056_retrieval_traces.jsonl,results/k3_extension_20260717/retrieval_traces/run_k3_qwen9b_base_top3_gate085_maxin4352_sqltimeout900v3_20260718_095446_retrieval_traces.jsonl,1032,True,True,True,True,True,True,1,3,2048,4352,no_explicit_statement_timeout,900s_per_statement,k=1_vs_3;prompt_length;max_input_tokens;output_identity;qwen9b_k3_timeout_policy,[],MATCHED_WITH_LIMITATIONS,max_input_tokens_2048_vs_4352;k3_900s_statement_timeout_vs_k1_no_explicit_statement_timeout
qwen9b:base:structure_vs_structure_top3,qwen9b,Qwen 3.5 9B,base,Base,structure_top3,structure,structure_top3,run_base_20260716_090811,run_k3_qwen9b_base_structure_top3_maxin4352_sqltimeout900v3_20260718_102308,configs/eval_qwen35_9b_base_dynamic_fewshot_bge_large_top10_structure_rerank_v2_k1_full_schema_maxinput2048_full_aliasnames.json,e2d960ad0cc622e07abf74caa1ada009501ff115dc6569cbaa6703f8c95d8458,configs/eval_qwen35_9b_base_dynamic_bge_large_top10_structure_rerank_v2_top3_k3_full_schema_maxin4352_full_aliasnames_sqltimeout900v3.json,faed222589737b1ed01c9d62fac9d8be7869b49823fd0b9c931fec186e4c26cc,results/run_base_20260716_090811.csv,3ec1cf215924d3d7af627fbcd4bb477b1e6204be03692824ca6447cb2fd3128f,results/k3_extension_20260717/run_k3_qwen9b_base_structure_top3_maxin4352_sqltimeout900v3_20260718_102308.csv,a9a20355392aab215339b555949c6fd11166eb519d0a348489499a8fddb09bba,results/run_base_20260716_090811_metadata.json,results/k3_extension_20260717/run_k3_qwen9b_base_structure_top3_maxin4352_sqltimeout900v3_20260718_102308_metadata.json,results/retrieval_traces/run_base_20260716_090811_retrieval_traces.jsonl,results/k3_extension_20260717/retrieval_traces/run_k3_qwen9b_base_structure_top3_maxin4352_sqltimeout900v3_20260718_102308_retrieval_traces.jsonl,1032,True,True,True,True,True,True,1,3,2048,4352,no_explicit_statement_timeout,900s_per_statement,k=1_vs_3;prompt_length;max_input_tokens;output_identity;qwen9b_k3_timeout_policy,[],MATCHED_WITH_LIMITATIONS,max_input_tokens_2048_vs_4352;k3_900s_statement_timeout_vs_k1_no_explicit_statement_timeout
qwen9b:base:structure_gate070_vs_structure_top3_gate070,qwen9b,Qwen 3.5 9B,base,Base,structure_top3_gate070,structure_gate070,structure_top3_gate070,run_base_20260712_160614,run_k3_qwen9b_base_structure_top3_gate070_maxin4352_sqltimeout900v3_20260718_110703,configs/eval_qwen35_9b_base_dynamic_fewshot_bge_large_top10_structure_rerank_v2_k1_full_schema_similarity_gate070_maxinput2048_full_aliasnames.json,8f993520768b36ba90a20a6c6c273dd131754deb870471364701c5f2283ef033,configs/eval_qwen35_9b_base_dynamic_bge_large_top10_structure_rerank_v2_top3_gate070_k3_full_schema_maxin4352_full_aliasnames_sqltimeout900v3.json,f4549bef096e0914ad91fc0fd49ac9b70b8d6a76c882e855a5ca3e763edbc205,results/run_base_20260712_160614.csv,d958ecf6ed62738ab2a1b2b5d06715b3aaddd95aa2df22e13f28efa6dd0e17c5,results/k3_extension_20260717/run_k3_qwen9b_base_structure_top3_gate070_maxin4352_sqltimeout900v3_20260718_110703.csv,6e468cebfc32e3e037073786bed0c6be42b845d24d6adea2bd9a701868c7c0e6,results/run_base_20260712_160614_metadata.json,results/k3_extension_20260717/run_k3_qwen9b_base_structure_top3_gate070_maxin4352_sqltimeout900v3_20260718_110703_metadata.json,results/retrieval_traces/run_base_20260712_160614_retrieval_traces.jsonl,results/k3_extension_20260717/retrieval_traces/run_k3_qwen9b_base_structure_top3_gate070_maxin4352_sqltimeout900v3_20260718_110703_retrieval_traces.jsonl,1032,True,True,True,True,True,True,1,3,2048,4352,no_explicit_statement_timeout,900s_per_statement,k=1_vs_3;prompt_length;max_input_tokens;output_identity;qwen9b_k3_timeout_policy,[],MATCHED_WITH_LIMITATIONS,max_input_tokens_2048_vs_4352;k3_900s_statement_timeout_vs_k1_no_explicit_statement_timeout
qwen9b:base:structure_gate085_vs_structure_top3_gate085,qwen9b,Qwen 3.5 9B,base,Base,structure_top3_gate085,structure_gate085,structure_top3_gate085,run_base_20260712_163705,run_k3_qwen9b_base_structure_top3_gate085_maxin4352_sqltimeout900v3_20260718_113537,configs/eval_qwen35_9b_base_dynamic_fewshot_bge_large_top10_structure_rerank_v2_k1_full_schema_similarity_gate085_maxinput2048_full_aliasnames.json,00302c8f55472a422067e43d2965482fd1ab855dba4add0e39788fc5ce40cd83,configs/eval_qwen35_9b_base_dynamic_bge_large_top10_structure_rerank_v2_top3_gate085_k3_full_schema_maxin4352_full_aliasnames_sqltimeout900v3.json,96b342503013900ce403e10dc7b08b26370c0c35a2e75306570016a04bbeeaca,results/run_base_20260712_163705.csv,03f8a984a60adb6a6efcf2f0459ec6d526e21f8147b24de1fc51df20e26f7109,results/k3_extension_20260717/run_k3_qwen9b_base_structure_top3_gate085_maxin4352_sqltimeout900v3_20260718_113537.csv,4941d4981ba52e0332e794159e42672636b0d62583c8be77ad96cfed39182103,results/run_base_20260712_163705_metadata.json,results/k3_extension_20260717/run_k3_qwen9b_base_structure_top3_gate085_maxin4352_sqltimeout900v3_20260718_113537_metadata.json,results/retrieval_traces/run_base_20260712_163705_retrieval_traces.jsonl,results/k3_extension_20260717/retrieval_traces/run_k3_qwen9b_base_structure_top3_gate085_maxin4352_sqltimeout900v3_20260718_113537_retrieval_traces.jsonl,1032,True,True,True,True,True,True,1,3,2048,4352,no_explicit_statement_timeout,900s_per_statement,k=1_vs_3;prompt_length;max_input_tokens;output_identity;qwen9b_k3_timeout_policy,[],MATCHED_WITH_LIMITATIONS,max_input_tokens_2048_vs_4352;k3_900s_statement_timeout_vs_k1_no_explicit_statement_timeout
qwen9b:lora_v2:top1_vs_top3,qwen9b,Qwen 3.5 9B,lora_v2,LoRA v2,top3,top1,top3,run_lora_v2_fullchat_old25k_r8_alpha16_mixedval2500_v2_schemaheaderfix_evalstop_maxlen2048_epochs5_20260713_125744,run_k3_qwen9b_lora_v2_top3_maxin4352_sqltimeout900v3_20260718_120344,configs/eval_qwen35_9b_lora_v2_old25k_r8_alpha16_mixedval2500_v2_bestepoch1_dynamic_bge_large_top1_k1_full_schema_maxinput2048_full_aliasnames.json,c2c0bc5fd13265451765ec8d4b4537b0f41be8d6efec3c310fd8f4012391d4f0,configs/eval_qwen35_9b_lora_v2_old25k_r8_alpha16_mixedval2500_v2_bestepoch1_dynamic_bge_large_top3_k3_full_schema_maxin4352_full_aliasnames_sqltimeout900v3.json,ea29c1f7f35024c4225244dd82c7ce7b16451b020527c80f5b36659f049c986e,results/run_lora_v2_fullchat_old25k_r8_alpha16_mixedval2500_v2_schemaheaderfix_evalstop_maxlen2048_epochs5_20260713_125744.csv,82f2c0ae864d09382b094ad0a180f48e4697e96995f9c7f9ab3c7af0e52a6df0,results/k3_extension_20260717/run_k3_qwen9b_lora_v2_top3_maxin4352_sqltimeout900v3_20260718_120344.csv,9aa6d974af4782a169437114dec2fa2f1c8495658f3e2492f3cd42ffc31ca39f,results/run_lora_v2_fullchat_old25k_r8_alpha16_mixedval2500_v2_schemaheaderfix_evalstop_maxlen2048_epochs5_20260713_125744_metadata.json,results/k3_extension_20260717/run_k3_qwen9b_lora_v2_top3_maxin4352_sqltimeout900v3_20260718_120344_metadata.json,results/retrieval_traces/run_lora_v2_fullchat_old25k_r8_alpha16_mixedval2500_v2_schemaheaderfix_evalstop_maxlen2048_epochs5_20260713_125744_retrieval_traces.jsonl,results/k3_extension_20260717/retrieval_traces/run_k3_qwen9b_lora_v2_top3_maxin4352_sqltimeout900v3_20260718_120344_retrieval_traces.jsonl,1032,True,True,True,True,True,True,1,3,2048,4352,no_explicit_statement_timeout,900s_per_statement,k=1_vs_3;prompt_length;max_input_tokens;output_identity;qwen9b_k3_timeout_policy,[],MATCHED_WITH_LIMITATIONS,max_input_tokens_2048_vs_4352;k3_900s_statement_timeout_vs_k1_no_explicit_statement_timeout
qwen9b:lora_v2:top1_gate070_vs_top3_gate070,qwen9b,Qwen 3.5 9B,lora_v2,LoRA v2,top3_gate070,top1_gate070,top3_gate070,run_lora_v2_fullchat_old25k_r8_alpha16_mixedval2500_v2_schemaheaderfix_evalstop_maxlen2048_epochs5_20260713_135127,run_k3_qwen9b_lora_v2_top3_gate070_maxin4352_sqltimeout900v3_20260718_125453,configs/eval_qwen35_9b_lora_v2_old25k_r8_alpha16_mixedval2500_v2_bestepoch1_dynamic_bge_large_top1_gate070_k1_full_schema_maxinput2048_full_aliasnames.json,6d443c49e88e1e776e94a7231dc6f60424b8b30d3e744e08260b4dd1d3f8caf1,configs/eval_qwen35_9b_lora_v2_old25k_r8_alpha16_mixedval2500_v2_bestepoch1_dynamic_bge_large_top3_gate070_k3_full_schema_maxin4352_full_aliasnames_sqltimeout900v3.json,e767a750bbf4efc4546a49f0b3558166d130ef312a940e1f641c1bcc50df6b17,results/run_lora_v2_fullchat_old25k_r8_alpha16_mixedval2500_v2_schemaheaderfix_evalstop_maxlen2048_epochs5_20260713_135127.csv,f6be851a25baa410052acdd2b59d0b3d40706153fe2a43d18dde2112ec01464a,results/k3_extension_20260717/run_k3_qwen9b_lora_v2_top3_gate070_maxin4352_sqltimeout900v3_20260718_125453.csv,d466f04b745fefa387b96f8a048b040b131b7653c0caecdfc8e278f2e5bf8956,results/run_lora_v2_fullchat_old25k_r8_alpha16_mixedval2500_v2_schemaheaderfix_evalstop_maxlen2048_epochs5_20260713_135127_metadata.json,results/k3_extension_20260717/run_k3_qwen9b_lora_v2_top3_gate070_maxin4352_sqltimeout900v3_20260718_125453_metadata.json,results/retrieval_traces/run_lora_v2_fullchat_old25k_r8_alpha16_mixedval2500_v2_schemaheaderfix_evalstop_maxlen2048_epochs5_20260713_135127_retrieval_traces.jsonl,results/k3_extension_20260717/retrieval_traces/run_k3_qwen9b_lora_v2_top3_gate070_maxin4352_sqltimeout900v3_20260718_125453_retrieval_traces.jsonl,1032,True,True,True,True,True,True,1,3,2048,4352,no_explicit_statement_timeout,900s_per_statement,k=1_vs_3;prompt_length;max_input_tokens;output_identity;qwen9b_k3_timeout_policy,[],MATCHED_WITH_LIMITATIONS,max_input_tokens_2048_vs_4352;k3_900s_statement_timeout_vs_k1_no_explicit_statement_timeout
qwen9b:lora_v2:top1_gate085_vs_top3_gate085,qwen9b,Qwen 3.5 9B,lora_v2,LoRA v2,top3_gate085,top1_gate085,top3_gate085,run_lora_v2_fullchat_old25k_r8_alpha16_mixedval2500_v2_schemaheaderfix_evalstop_maxlen2048_epochs5_20260713_144738,run_k3_qwen9b_lora_v2_top3_gate085_maxin4352_sqltimeout900v3_20260718_134627,configs/eval_qwen35_9b_lora_v2_old25k_r8_alpha16_mixedval2500_v2_bestepoch1_dynamic_bge_large_top1_gate085_k1_full_schema_maxinput2048_full_aliasnames.json,3de7f2afab8ae416c404ef65c5e2af470f991dff3053962f0b41da1779806594,configs/eval_qwen35_9b_lora_v2_old25k_r8_alpha16_mixedval2500_v2_bestepoch1_dynamic_bge_large_top3_gate085_k3_full_schema_maxin4352_full_aliasnames_sqltimeout900v3.json,60329f57138d238015ceaed1b333848a7f0b28783383481dda24463f44b4521c,results/run_lora_v2_fullchat_old25k_r8_alpha16_mixedval2500_v2_schemaheaderfix_evalstop_maxlen2048_epochs5_20260713_144738.csv,8cf96bbba037d33f404586989277dc2d316eb1c6abd5331829b32a3de170e932,results/k3_extension_20260717/run_k3_qwen9b_lora_v2_top3_gate085_maxin4352_sqltimeout900v3_20260718_134627.csv,034210e541dee91402fd60f415ee4f0937fd197fe0b13f45a4eea14b2a7bfaba,results/run_lora_v2_fullchat_old25k_r8_alpha16_mixedval2500_v2_schemaheaderfix_evalstop_maxlen2048_epochs5_20260713_144738_metadata.json,results/k3_extension_20260717/run_k3_qwen9b_lora_v2_top3_gate085_maxin4352_sqltimeout900v3_20260718_134627_metadata.json,results/retrieval_traces/run_lora_v2_fullchat_old25k_r8_alpha16_mixedval2500_v2_schemaheaderfix_evalstop_maxlen2048_epochs5_20260713_144738_retrieval_traces.jsonl,results/k3_extension_20260717/retrieval_traces/run_k3_qwen9b_lora_v2_top3_gate085_maxin4352_sqltimeout900v3_20260718_134627_retrieval_traces.jsonl,1032,True,True,True,True,True,True,1,3,2048,4352,no_explicit_statement_timeout,900s_per_statement,k=1_vs_3;prompt_length;max_input_tokens;output_identity;qwen9b_k3_timeout_policy,[],MATCHED_WITH_LIMITATIONS,max_input_tokens_2048_vs_4352;k3_900s_statement_timeout_vs_k1_no_explicit_statement_timeout
qwen9b:lora_v2:structure_vs_structure_top3,qwen9b,Qwen 3.5 9B,lora_v2,LoRA v2,structure_top3,structure,structure_top3,run_lora_v2_fullchat_old25k_r8_alpha16_mixedval2500_v2_schemaheaderfix_evalstop_maxlen2048_epochs5_20260713_163754,run_k3_qwen9b_lora_v2_structure_top3_maxin4352_sqltimeout900v3_20260718_143827,configs/eval_qwen35_9b_lora_v2_old25k_r8_alpha16_mixedval2500_v2_bestepoch1_dynamic_bge_large_top10_structure_rerank_v2_k1_full_schema_maxinput2048_full_aliasnames.json,eed823c7dbd82a3e4fa500894f041263f30ef82cfd809207ab6fe55089439236,configs/eval_qwen35_9b_lora_v2_old25k_r8_alpha16_mixedval2500_v2_bestepoch1_dynamic_bge_large_top10_structure_rerank_v2_top3_k3_full_schema_maxin4352_full_aliasnames_sqltimeout900v3.json,c345d4a40e62cb8c5336bc08da9dba3dadeab8d48b93870c2c5f30dcd5c12092,results/run_lora_v2_fullchat_old25k_r8_alpha16_mixedval2500_v2_schemaheaderfix_evalstop_maxlen2048_epochs5_20260713_163754.csv,eb37f98f3df9c4bd35ecad8bd5cb7bea4041ea764e7c22b1aa3dd0c3b50dde56,results/k3_extension_20260717/run_k3_qwen9b_lora_v2_structure_top3_maxin4352_sqltimeout900v3_20260718_143827.csv,0343cb1e604e995ddc2190cbab28a152bea63c9d823b24f7c74585b93eeea561,results/run_lora_v2_fullchat_old25k_r8_alpha16_mixedval2500_v2_schemaheaderfix_evalstop_maxlen2048_epochs5_20260713_163754_metadata.json,results/k3_extension_20260717/run_k3_qwen9b_lora_v2_structure_top3_maxin4352_sqltimeout900v3_20260718_143827_metadata.json,results/retrieval_traces/run_lora_v2_fullchat_old25k_r8_alpha16_mixedval2500_v2_schemaheaderfix_evalstop_maxlen2048_epochs5_20260713_163754_retrieval_traces.jsonl,results/k3_extension_20260717/retrieval_traces/run_k3_qwen9b_lora_v2_structure_top3_maxin4352_sqltimeout900v3_20260718_143827_retrieval_traces.jsonl,1032,True,True,True,True,True,True,1,3,2048,4352,no_explicit_statement_timeout,900s_per_statement,k=1_vs_3;prompt_length;max_input_tokens;output_identity;qwen9b_k3_timeout_policy,[],MATCHED_WITH_LIMITATIONS,max_input_tokens_2048_vs_4352;k3_900s_statement_timeout_vs_k1_no_explicit_statement_timeout
qwen9b:lora_v2:structure_gate070_vs_structure_top3_gate070,qwen9b,Qwen 3.5 9B,lora_v2,LoRA v2,structure_top3_gate070,structure_gate070,structure_top3_gate070,run_lora_v2_fullchat_old25k_r8_alpha16_mixedval2500_v2_schemaheaderfix_evalstop_maxlen2048_epochs5_20260713_202137,run_k3_qwen9b_lora_v2_structure_top3_gate070_maxin4352_sqltimeout900v3_20260718_153052,configs/eval_qwen35_9b_lora_v2_old25k_r8_alpha16_mixedval2500_v2_bestepoch1_dynamic_bge_large_top10_structure_rerank_v2_gate070_k1_full_schema_maxinput2048_full_aliasnames.json,3ad3af6244e409dd7a188293d11a37eefbffd06982ec63d4a99dc0dfd5025200,configs/eval_qwen35_9b_lora_v2_old25k_r8_alpha16_mixedval2500_v2_bestepoch1_dynamic_bge_large_top10_structure_rerank_v2_top3_gate070_k3_full_schema_maxin4352_full_aliasnames_sqltimeout900v3.json,23c91b67f9b16216abfd7cbca68032bc6940c7cddd4b347ae06598ed6a82e381,results/run_lora_v2_fullchat_old25k_r8_alpha16_mixedval2500_v2_schemaheaderfix_evalstop_maxlen2048_epochs5_20260713_202137.csv,1736a3ab2cdd425dfdabc406144c8e9e9996dfb7131057d9fb85032c9491ba82,results/k3_extension_20260717/run_k3_qwen9b_lora_v2_structure_top3_gate070_maxin4352_sqltimeout900v3_20260718_153052.csv,c6be76e38862b8b0ba73951b58a3e8d92748919a684024e84349190eb8a69229,results/run_lora_v2_fullchat_old25k_r8_alpha16_mixedval2500_v2_schemaheaderfix_evalstop_maxlen2048_epochs5_20260713_202137_metadata.json,results/k3_extension_20260717/run_k3_qwen9b_lora_v2_structure_top3_gate070_maxin4352_sqltimeout900v3_20260718_153052_metadata.json,results/retrieval_traces/run_lora_v2_fullchat_old25k_r8_alpha16_mixedval2500_v2_schemaheaderfix_evalstop_maxlen2048_epochs5_20260713_202137_retrieval_traces.jsonl,results/k3_extension_20260717/retrieval_traces/run_k3_qwen9b_lora_v2_structure_top3_gate070_maxin4352_sqltimeout900v3_20260718_153052_retrieval_traces.jsonl,1032,True,True,True,True,True,True,1,3,2048,4352,no_explicit_statement_timeout,900s_per_statement,k=1_vs_3;prompt_length;max_input_tokens;output_identity;qwen9b_k3_timeout_policy,[],MATCHED_WITH_LIMITATIONS,max_input_tokens_2048_vs_4352;k3_900s_statement_timeout_vs_k1_no_explicit_statement_timeout
qwen9b:lora_v2:structure_gate085_vs_structure_top3_gate085,qwen9b,Qwen 3.5 9B,lora_v2,LoRA v2,structure_top3_gate085,structure_gate085,structure_top3_gate085,run_lora_v2_fullchat_old25k_r8_alpha16_mixedval2500_v2_schemaheaderfix_evalstop_maxlen2048_epochs5_20260713_211349,run_k3_qwen9b_lora_v2_structure_top3_gate085_maxin4352_sqltimeout900v3_20260718_162255,configs/eval_qwen35_9b_lora_v2_old25k_r8_alpha16_mixedval2500_v2_bestepoch1_dynamic_bge_large_top10_structure_rerank_v2_gate085_k1_full_schema_maxinput2048_full_aliasnames.json,dbcb53fa256c81c3cfc155de5b6930cc03b7cffa87be9a849436bc018c018a7f,configs/eval_qwen35_9b_lora_v2_old25k_r8_alpha16_mixedval2500_v2_bestepoch1_dynamic_bge_large_top10_structure_rerank_v2_top3_gate085_k3_full_schema_maxin4352_full_aliasnames_sqltimeout900v3.json,f6a45ba2a4d2271a303fc79ed4842d50aef20dd190a230487cfc55b59d4a5b13,results/run_lora_v2_fullchat_old25k_r8_alpha16_mixedval2500_v2_schemaheaderfix_evalstop_maxlen2048_epochs5_20260713_211349.csv,ac9f6a987253ba145edf2626e7ecb5f2cd6fdee2f1bb041028c8a5ecd332f109,results/k3_extension_20260717/run_k3_qwen9b_lora_v2_structure_top3_gate085_maxin4352_sqltimeout900v3_20260718_162255.csv,d0d680e21dcf2a1dc8e89a454b3a5ac0461eef70ca88076bd3167f09a0f4b34b,results/run_lora_v2_fullchat_old25k_r8_alpha16_mixedval2500_v2_schemaheaderfix_evalstop_maxlen2048_epochs5_20260713_211349_metadata.json,results/k3_extension_20260717/run_k3_qwen9b_lora_v2_structure_top3_gate085_maxin4352_sqltimeout900v3_20260718_162255_metadata.json,results/retrieval_traces/run_lora_v2_fullchat_old25k_r8_alpha16_mixedval2500_v2_schemaheaderfix_evalstop_maxlen2048_epochs5_20260713_211349_retrieval_traces.jsonl,results/k3_extension_20260717/retrieval_traces/run_k3_qwen9b_lora_v2_structure_top3_gate085_maxin4352_sqltimeout900v3_20260718_162255_retrieval_traces.jsonl,1032,True,True,True,True,True,True,1,3,2048,4352,no_explicit_statement_timeout,900s_per_statement,k=1_vs_3;prompt_length;max_input_tokens;output_identity;qwen9b_k3_timeout_policy,[],MATCHED_WITH_LIMITATIONS,max_input_tokens_2048_vs_4352;k3_900s_statement_timeout_vs_k1_no_explicit_statement_timeout
